id,eventId,userId
66163f07fc13ae7f77ab8a59,66163eaafc13ae0349ab8de0,66163d25fc13ae7da9ab9aec
66163f07fc13ae7f77ab8a5a,66163eb1fc13ae0349ab91a0,66163d26fc13ae7da9ab9c9d
66163f07fc13ae7f77ab8a5b,66163eacfc13ae0349ab8efc,66163d26fc13ae7da9ab9c73
66163f07fc13ae7f77ab8a5c,66163eb0fc13ae0349ab9116,66163d26fc13ae7da9ab9d44
66163f07fc13ae7f77ab8a5d,66163eb0fc13ae0349ab911e,66163d26fc13ae7da9ab9d11
66163f07fc13ae7f77ab8a5e,66163eaefc13ae0349ab8fd7,66163d26fc13ae7da9ab9bf6
66163f07fc13ae7f77ab8a5f,66163eadfc13ae0349ab8f5b,66163d26fc13ae7da9ab9ccf
66163f07fc13ae7f77ab8a60,66163eaefc13ae0349ab8fd4,66163d26fc13ae7da9ab9d59
66163f07fc13ae7f77ab8a61,66163eabfc13ae0349ab8e54,66163d26fc13ae7da9ab9d8e
66163f07fc13ae7f77ab8a62,66163eaffc13ae0349ab9024,66163d26fc13ae7da9ab9dd7
66163f07fc13ae7f77ab8a63,66163eadfc13ae0349ab8f5a,66163d25fc13ae7da9ab9b44
66163f07fc13ae7f77ab8a64,66163eaefc13ae0349ab8fcc,66163d25fc13ae7da9ab9a2f
66163f07fc13ae7f77ab8a65,66163eaffc13ae0349ab9092,66163d26fc13ae7da9ab9dca
66163f07fc13ae7f77ab8a66,66163eadfc13ae0349ab8f4d,66163d26fc13ae7da9ab9c3c
66163f07fc13ae7f77ab8a67,66163eadfc13ae0349ab8f1a,66163d26fc13ae7da9ab9d46
66163f07fc13ae7f77ab8a68,66163eaefc13ae0349ab8fe4,66163d25fc13ae7da9ab9b80
66163f07fc13ae7f77ab8a69,66163eaefc13ae0349ab9010,66163d26fc13ae7da9ab9dda
66163f07fc13ae7f77ab8a6a,66163eb0fc13ae0349ab9115,66163d26fc13ae7da9ab9c5d
66163f07fc13ae7f77ab8a6b,66163eb1fc13ae0349ab9155,66163d25fc13ae7da9ab9b0d
66163f07fc13ae7f77ab8a6c,66163eb0fc13ae0349ab9135,66163d26fc13ae7da9ab9dd8
66163f07fc13ae7f77ab8a6d,66163eb0fc13ae0349ab90a8,66163d25fc13ae7da9ab9a0a
66163f07fc13ae7f77ab8a6e,66163eabfc13ae0349ab8e3a,66163d26fc13ae7da9ab9d77
66163f07fc13ae7f77ab8a6f,66163eb0fc13ae0349ab90f3,66163d25fc13ae7da9ab9bb4
66163f07fc13ae7f77ab8a70,66163eacfc13ae0349ab8ec0,66163d26fc13ae7da9ab9d9d
66163f07fc13ae7f77ab8a71,66163eb1fc13ae0349ab9182,66163d25fc13ae7da9ab9b40
66163f07fc13ae7f77ab8a72,66163eb0fc13ae0349ab90e6,66163d26fc13ae7da9ab9c91
66163f07fc13ae7f77ab8a73,66163eaffc13ae0349ab906a,66163d26fc13ae7da9ab9c7e
66163f07fc13ae7f77ab8a74,66163eb0fc13ae0349ab9137,66163d25fc13ae7da9ab9a02
66163f07fc13ae7f77ab8a75,66163eb0fc13ae0349ab9103,66163d26fc13ae7da9ab9d9a
66163f07fc13ae7f77ab8a76,66163eaffc13ae0349ab9062,66163d26fc13ae7da9ab9c1e
66163f07fc13ae7f77ab8a77,66163eacfc13ae0349ab8e8e,66163d26fc13ae7da9ab9d11
66163f07fc13ae7f77ab8a78,66163eacfc13ae0349ab8ef5,66163d25fc13ae7da9ab9b41
66163f07fc13ae7f77ab8a79,66163eaffc13ae0349ab9071,66163d26fc13ae7da9ab9d93
66163f07fc13ae7f77ab8a7a,66163eacfc13ae0349ab8e85,66163d26fc13ae7da9ab9da7
66163f07fc13ae7f77ab8a7b,66163eacfc13ae0349ab8ec4,66163d26fc13ae7da9ab9c69
66163f07fc13ae7f77ab8a7c,66163eb0fc13ae0349ab911d,66163d26fc13ae7da9ab9d4e
66163f07fc13ae7f77ab8a7d,66163eaefc13ae0349ab8fe0,66163d26fc13ae7da9ab9be6
66163f07fc13ae7f77ab8a7e,66163eb1fc13ae0349ab9144,66163d26fc13ae7da9ab9c91
66163f07fc13ae7f77ab8a7f,66163eacfc13ae0349ab8ea4,66163d26fc13ae7da9ab9cb5
66163f07fc13ae7f77ab8a80,66163eaffc13ae0349ab9078,66163d25fc13ae7da9ab9b88
66163f07fc13ae7f77ab8a81,66163eaffc13ae0349ab9045,66163d26fc13ae7da9ab9c9e
66163f07fc13ae7f77ab8a82,66163eb1fc13ae0349ab913e,66163d26fc13ae7da9ab9c59
66163f07fc13ae7f77ab8a83,66163eb1fc13ae0349ab9167,66163d25fc13ae7da9ab9ab5
66163f07fc13ae7f77ab8a84,66163eadfc13ae0349ab8f2f,66163d26fc13ae7da9ab9d66
66163f07fc13ae7f77ab8a85,66163eacfc13ae0349ab8eef,66163d26fc13ae7da9ab9cb2
66163f07fc13ae7f77ab8a86,66163eabfc13ae0349ab8e37,66163d26fc13ae7da9ab9d7b
66163f07fc13ae7f77ab8a87,66163eacfc13ae0349ab8f0c,66163d25fc13ae7da9ab9a18
66163f07fc13ae7f77ab8a88,66163eadfc13ae0349ab8f26,66163d25fc13ae7da9ab9b0d
66163f07fc13ae7f77ab8a89,66163eb1fc13ae0349ab91b4,66163d25fc13ae7da9ab9a91
66163f07fc13ae7f77ab8a8a,66163eacfc13ae0349ab8ee1,66163d26fc13ae7da9ab9c6b
66163f07fc13ae7f77ab8a8b,66163eb0fc13ae0349ab90c5,66163d26fc13ae7da9ab9d6d
66163f07fc13ae7f77ab8a8c,66163eb0fc13ae0349ab90bb,66163d26fc13ae7da9ab9dd2
66163f07fc13ae7f77ab8a8d,66163eacfc13ae0349ab8f02,66163d25fc13ae7da9ab9bb6
66163f07fc13ae7f77ab8a8e,66163eacfc13ae0349ab8e84,66163d26fc13ae7da9ab9ccf
66163f07fc13ae7f77ab8a8f,66163eaefc13ae0349ab8fa1,66163d25fc13ae7da9ab9bbd
66163f07fc13ae7f77ab8a90,66163eacfc13ae0349ab8eb1,66163d25fc13ae7da9ab9b27
66163f07fc13ae7f77ab8a91,66163eadfc13ae0349ab8f56,66163d25fc13ae7da9ab9b42
66163f07fc13ae7f77ab8a92,66163eabfc13ae0349ab8e5a,66163d25fc13ae7da9ab9b1a
66163f07fc13ae7f77ab8a93,66163eacfc13ae0349ab8e84,66163d25fc13ae7da9ab9ab6
66163f07fc13ae7f77ab8a94,66163eaffc13ae0349ab9075,66163d26fc13ae7da9ab9ddf
66163f07fc13ae7f77ab8a95,66163eadfc13ae0349ab8f44,66163d25fc13ae7da9ab9a28
66163f07fc13ae7f77ab8a96,66163eadfc13ae0349ab8f2b,66163d25fc13ae7da9ab9adb
66163f07fc13ae7f77ab8a97,66163eb0fc13ae0349ab9120,66163d26fc13ae7da9ab9c89
66163f07fc13ae7f77ab8a98,66163eacfc13ae0349ab8ea0,66163d26fc13ae7da9ab9d21
66163f07fc13ae7f77ab8a99,66163eadfc13ae0349ab8f36,66163d26fc13ae7da9ab9c19
66163f07fc13ae7f77ab8a9a,66163eaffc13ae0349ab9098,66163d26fc13ae7da9ab9bd0
66163f07fc13ae7f77ab8a9b,66163eb0fc13ae0349ab9104,66163d25fc13ae7da9ab9b70
66163f07fc13ae7f77ab8a9c,66163eabfc13ae0349ab8e20,66163d25fc13ae7da9ab9a51
66163f07fc13ae7f77ab8a9d,66163eb1fc13ae0349ab9175,66163d25fc13ae7da9ab9aaa
66163f07fc13ae7f77ab8a9e,66163eabfc13ae0349ab8e34,66163d25fc13ae7da9ab9aef
66163f07fc13ae7f77ab8a9f,66163eb1fc13ae0349ab9160,66163d26fc13ae7da9ab9ddb
66163f07fc13ae7f77ab8aa0,66163eb0fc13ae0349ab90a8,66163d25fc13ae7da9ab9a48
66163f07fc13ae7f77ab8aa1,66163eb0fc13ae0349ab90aa,66163d25fc13ae7da9ab9b6c
66163f07fc13ae7f77ab8aa2,66163eadfc13ae0349ab8f20,66163d26fc13ae7da9ab9c54
66163f07fc13ae7f77ab8aa3,66163eadfc13ae0349ab8f1f,66163d25fc13ae7da9ab9ba0
66163f07fc13ae7f77ab8aa4,66163eacfc13ae0349ab8ef9,66163d26fc13ae7da9ab9c4c
66163f07fc13ae7f77ab8aa5,66163eaefc13ae0349ab8fcb,66163d26fc13ae7da9ab9d5d
66163f07fc13ae7f77ab8aa6,66163eaefc13ae0349ab8fd6,66163d25fc13ae7da9ab9bc2
66163f07fc13ae7f77ab8aa7,66163eadfc13ae0349ab8f6c,66163d26fc13ae7da9ab9c3d
66163f07fc13ae7f77ab8aa8,66163eacfc13ae0349ab8ecf,66163d25fc13ae7da9ab9bb2
66163f07fc13ae7f77ab8aa9,66163eacfc13ae0349ab8e8a,66163d25fc13ae7da9ab9acb
66163f07fc13ae7f77ab8aaa,66163eaffc13ae0349ab90a5,66163d26fc13ae7da9ab9c29
66163f07fc13ae7f77ab8aab,66163eaffc13ae0349ab9072,66163d26fc13ae7da9ab9c29
66163f07fc13ae7f77ab8aac,66163eb1fc13ae0349ab91a9,66163d26fc13ae7da9ab9dd0
66163f07fc13ae7f77ab8aad,66163eacfc13ae0349ab8f0b,66163d26fc13ae7da9ab9de0
66163f07fc13ae7f77ab8aae,66163eaffc13ae0349ab907f,66163d26fc13ae7da9ab9dbb
66163f07fc13ae7f77ab8aaf,66163eaffc13ae0349ab907f,66163d26fc13ae7da9ab9cbd
66163f07fc13ae7f77ab8ab0,66163eb0fc13ae0349ab90c0,66163d25fc13ae7da9ab9b98
66163f07fc13ae7f77ab8ab1,66163eb1fc13ae0349ab918b,66163d26fc13ae7da9ab9ce8
66163f07fc13ae7f77ab8ab2,66163eabfc13ae0349ab8df3,66163d25fc13ae7da9ab9b75
66163f07fc13ae7f77ab8ab3,66163eb0fc13ae0349ab910f,66163d26fc13ae7da9ab9d0a
66163f07fc13ae7f77ab8ab4,66163eaefc13ae0349ab9004,66163d25fc13ae7da9ab9b76
66163f07fc13ae7f77ab8ab5,66163eaefc13ae0349ab8fed,66163d26fc13ae7da9ab9d12
66163f07fc13ae7f77ab8ab6,66163eaefc13ae0349ab9004,66163d26fc13ae7da9ab9dd4
66163f07fc13ae7f77ab8ab7,66163eb0fc13ae0349ab90c2,66163d26fc13ae7da9ab9c12
66163f07fc13ae7f77ab8ab8,66163eabfc13ae0349ab8e19,66163d26fc13ae7da9ab9d29
66163f07fc13ae7f77ab8ab9,66163eaefc13ae0349ab8ff8,66163d26fc13ae7da9ab9ce2
66163f07fc13ae7f77ab8aba,66163eaafc13ae0349ab8deb,66163d25fc13ae7da9ab9b07
66163f07fc13ae7f77ab8abb,66163eacfc13ae0349ab8ef2,66163d25fc13ae7da9ab9b38
66163f07fc13ae7f77ab8abc,66163eaafc13ae0349ab8de3,66163d26fc13ae7da9ab9da9
66163f07fc13ae7f77ab8abd,66163eacfc13ae0349ab8e99,66163d26fc13ae7da9ab9d48
66163f07fc13ae7f77ab8abe,66163eb0fc13ae0349ab90e6,66163d25fc13ae7da9ab9afe
66163f07fc13ae7f77ab8abf,66163eaffc13ae0349ab9085,66163d26fc13ae7da9ab9c4c
66163f07fc13ae7f77ab8ac0,66163eaffc13ae0349ab906c,66163d25fc13ae7da9ab9a2a
66163f07fc13ae7f77ab8ac1,66163eacfc13ae0349ab8eaf,66163d26fc13ae7da9ab9cd0
66163f07fc13ae7f77ab8ac2,66163eadfc13ae0349ab8f42,66163d26fc13ae7da9ab9dad
66163f07fc13ae7f77ab8ac3,66163eb0fc13ae0349ab90fe,66163d25fc13ae7da9ab9a14
66163f07fc13ae7f77ab8ac4,66163eb0fc13ae0349ab90c6,66163d25fc13ae7da9ab9afd
66163f07fc13ae7f77ab8ac5,66163eb1fc13ae0349ab918a,66163d26fc13ae7da9ab9bee
66163f07fc13ae7f77ab8ac6,66163eb1fc13ae0349ab9160,66163d26fc13ae7da9ab9c52
66163f07fc13ae7f77ab8ac7,66163eacfc13ae0349ab8eb3,66163d25fc13ae7da9ab9a3d
66163f07fc13ae7f77ab8ac8,66163eadfc13ae0349ab8f5c,66163d26fc13ae7da9ab9cb5
66163f07fc13ae7f77ab8ac9,66163eaefc13ae0349ab9002,66163d25fc13ae7da9ab9b87
66163f07fc13ae7f77ab8aca,66163eacfc13ae0349ab8ed4,66163d26fc13ae7da9ab9c29
66163f07fc13ae7f77ab8acb,66163eaefc13ae0349ab8fef,66163d26fc13ae7da9ab9d27
66163f07fc13ae7f77ab8acc,66163eabfc13ae0349ab8e2f,66163d26fc13ae7da9ab9d1b
66163f07fc13ae7f77ab8acd,66163eb0fc13ae0349ab9131,66163d25fc13ae7da9ab9a5d
66163f07fc13ae7f77ab8ace,66163eaffc13ae0349ab9058,66163d25fc13ae7da9ab9b60
66163f07fc13ae7f77ab8acf,66163eadfc13ae0349ab8f6d,66163d26fc13ae7da9ab9c4a
66163f07fc13ae7f77ab8ad0,66163eadfc13ae0349ab8f1d,66163d25fc13ae7da9ab9b4a
66163f07fc13ae7f77ab8ad1,66163eadfc13ae0349ab8f92,66163d25fc13ae7da9ab9b91
66163f07fc13ae7f77ab8ad2,66163eadfc13ae0349ab8f19,66163d26fc13ae7da9ab9d2c
66163f07fc13ae7f77ab8ad3,66163eadfc13ae0349ab8f34,66163d26fc13ae7da9ab9c39
66163f07fc13ae7f77ab8ad4,66163eacfc13ae0349ab8eb0,66163d25fc13ae7da9ab9a54
66163f07fc13ae7f77ab8ad5,66163eacfc13ae0349ab8ead,66163d26fc13ae7da9ab9d56
66163f07fc13ae7f77ab8ad6,66163eadfc13ae0349ab8f2e,66163d26fc13ae7da9ab9ca0
66163f07fc13ae7f77ab8ad7,66163eaffc13ae0349ab9062,66163d25fc13ae7da9ab9b5e
66163f07fc13ae7f77ab8ad8,66163eaefc13ae0349ab9022,66163d25fc13ae7da9ab9af8
66163f07fc13ae7f77ab8ad9,66163eabfc13ae0349ab8e3d,66163d25fc13ae7da9ab9a3c
66163f07fc13ae7f77ab8ada,66163eadfc13ae0349ab8f86,66163d25fc13ae7da9ab9ae0
66163f07fc13ae7f77ab8adb,66163eadfc13ae0349ab8f26,66163d25fc13ae7da9ab9a7d
66163f07fc13ae7f77ab8adc,66163eadfc13ae0349ab8f58,66163d25fc13ae7da9ab9b76
66163f07fc13ae7f77ab8add,66163eaefc13ae0349ab8fd9,66163d26fc13ae7da9ab9c1c
66163f07fc13ae7f77ab8ade,66163eb1fc13ae0349ab9146,66163d26fc13ae7da9ab9bdf
66163f07fc13ae7f77ab8adf,66163eb0fc13ae0349ab90d0,66163d25fc13ae7da9ab9baf
66163f07fc13ae7f77ab8ae0,66163eb0fc13ae0349ab911c,66163d26fc13ae7da9ab9d7b
66163f07fc13ae7f77ab8ae1,66163eaffc13ae0349ab906a,66163d26fc13ae7da9ab9da2
66163f07fc13ae7f77ab8ae2,66163eaffc13ae0349ab9023,66163d26fc13ae7da9ab9c96
66163f07fc13ae7f77ab8ae3,66163eb0fc13ae0349ab90e2,66163d26fc13ae7da9ab9c3c
66163f07fc13ae7f77ab8ae4,66163eaffc13ae0349ab9046,66163d26fc13ae7da9ab9d7b
66163f07fc13ae7f77ab8ae5,66163eb1fc13ae0349ab9163,66163d25fc13ae7da9ab9a91
66163f07fc13ae7f77ab8ae6,66163eacfc13ae0349ab8ea1,66163d26fc13ae7da9ab9bec
66163f07fc13ae7f77ab8ae7,66163eadfc13ae0349ab8f88,66163d26fc13ae7da9ab9d5c
66163f07fc13ae7f77ab8ae8,66163eb0fc13ae0349ab90b5,66163d26fc13ae7da9ab9d08
66163f07fc13ae7f77ab8ae9,66163eadfc13ae0349ab8f14,66163d25fc13ae7da9ab9af8
66163f07fc13ae7f77ab8aea,66163eaffc13ae0349ab9092,66163d25fc13ae7da9ab9a27
66163f07fc13ae7f77ab8aeb,66163eacfc13ae0349ab8ead,66163d25fc13ae7da9ab9b63
66163f07fc13ae7f77ab8aec,66163eaefc13ae0349ab8fb6,66163d26fc13ae7da9ab9d13
66163f07fc13ae7f77ab8aed,66163eacfc13ae0349ab8ecb,66163d26fc13ae7da9ab9cc8
66163f07fc13ae7f77ab8aee,66163eb0fc13ae0349ab90fd,66163d25fc13ae7da9ab9aba
66163f07fc13ae7f77ab8aef,66163eacfc13ae0349ab8eba,66163d25fc13ae7da9ab9b58
66163f07fc13ae7f77ab8af0,66163eadfc13ae0349ab8f39,66163d25fc13ae7da9ab9a4f
66163f07fc13ae7f77ab8af1,66163eadfc13ae0349ab8f24,66163d26fc13ae7da9ab9c7d
66163f07fc13ae7f77ab8af2,66163eb1fc13ae0349ab9161,66163d26fc13ae7da9ab9cd2
66163f07fc13ae7f77ab8af3,66163eacfc13ae0349ab8f0e,66163d26fc13ae7da9ab9d71
66163f07fc13ae7f77ab8af4,66163eb0fc13ae0349ab911f,66163d25fc13ae7da9ab9a7b
66163f07fc13ae7f77ab8af5,66163eb0fc13ae0349ab913b,66163d25fc13ae7da9ab9b69
66163f07fc13ae7f77ab8af6,66163eb1fc13ae0349ab91b7,66163d25fc13ae7da9ab9b03
66163f07fc13ae7f77ab8af7,66163eacfc13ae0349ab8ef5,66163d26fc13ae7da9ab9cdc
66163f07fc13ae7f77ab8af8,66163eacfc13ae0349ab8ec6,66163d25fc13ae7da9ab9b1e
66163f07fc13ae7f77ab8af9,66163eaffc13ae0349ab907d,66163d26fc13ae7da9ab9bda
66163f07fc13ae7f77ab8afa,66163eb1fc13ae0349ab914a,66163d25fc13ae7da9ab9b79
66163f07fc13ae7f77ab8afb,66163eaffc13ae0349ab90a0,66163d26fc13ae7da9ab9c2a
66163f07fc13ae7f77ab8afc,66163eaefc13ae0349ab8ffc,66163d25fc13ae7da9ab9a82
66163f07fc13ae7f77ab8afd,66163eabfc13ae0349ab8e2e,66163d25fc13ae7da9ab9bc6
66163f07fc13ae7f77ab8afe,66163eaafc13ae0349ab8ded,66163d25fc13ae7da9ab9a77
66163f07fc13ae7f77ab8aff,66163eb0fc13ae0349ab90c8,66163d25fc13ae7da9ab9b63
66163f07fc13ae7f77ab8b00,66163eabfc13ae0349ab8e62,66163d26fc13ae7da9ab9d3e
66163f07fc13ae7f77ab8b01,66163eabfc13ae0349ab8e40,66163d25fc13ae7da9ab99fb
66163f07fc13ae7f77ab8b02,66163eb1fc13ae0349ab9180,66163d25fc13ae7da9ab9ad1
66163f07fc13ae7f77ab8b03,66163eb0fc13ae0349ab910f,66163d26fc13ae7da9ab9d35
66163f07fc13ae7f77ab8b04,66163eaffc13ae0349ab9029,66163d25fc13ae7da9ab9a62
66163f07fc13ae7f77ab8b05,66163eb1fc13ae0349ab917d,66163d25fc13ae7da9ab9ad4
66163f07fc13ae7f77ab8b06,66163eaffc13ae0349ab9062,66163d25fc13ae7da9ab9a5f
66163f07fc13ae7f77ab8b07,66163eabfc13ae0349ab8e0a,66163d26fc13ae7da9ab9d11
66163f07fc13ae7f77ab8b08,66163eabfc13ae0349ab8e77,66163d26fc13ae7da9ab9d44
66163f07fc13ae7f77ab8b09,66163eaffc13ae0349ab9051,66163d25fc13ae7da9ab9b4d
66163f07fc13ae7f77ab8b0a,66163eacfc13ae0349ab8eed,66163d25fc13ae7da9ab9bb7
66163f07fc13ae7f77ab8b0b,66163eaefc13ae0349ab9010,66163d25fc13ae7da9ab9b85
66163f07fc13ae7f77ab8b0c,66163eabfc13ae0349ab8e4e,66163d26fc13ae7da9ab9be2
66163f07fc13ae7f77ab8b0d,66163eabfc13ae0349ab8e44,66163d26fc13ae7da9ab9d6b
66163f07fc13ae7f77ab8b0e,66163eb0fc13ae0349ab90f6,66163d26fc13ae7da9ab9cc7
66163f07fc13ae7f77ab8b0f,66163eb1fc13ae0349ab9149,66163d25fc13ae7da9ab9b36
66163f07fc13ae7f77ab8b10,66163eaafc13ae0349ab8de1,66163d25fc13ae7da9ab9b60
66163f07fc13ae7f77ab8b11,66163eabfc13ae0349ab8e13,66163d26fc13ae7da9ab9dbf
66163f07fc13ae7f77ab8b12,66163eb1fc13ae0349ab91a8,66163d25fc13ae7da9ab9a49
66163f07fc13ae7f77ab8b13,66163eacfc13ae0349ab8ed2,66163d25fc13ae7da9ab9b75
66163f07fc13ae7f77ab8b14,66163eb0fc13ae0349ab9118,66163d25fc13ae7da9ab9b05
66163f07fc13ae7f77ab8b15,66163eacfc13ae0349ab8ef6,66163d25fc13ae7da9ab9aec
66163f07fc13ae7f77ab8b16,66163eacfc13ae0349ab8eed,66163d26fc13ae7da9ab9dcf
66163f07fc13ae7f77ab8b17,66163eabfc13ae0349ab8e3c,66163d25fc13ae7da9ab9b15
66163f07fc13ae7f77ab8b18,66163eaefc13ae0349ab8fc7,66163d25fc13ae7da9ab9a1d
66163f07fc13ae7f77ab8b19,66163eabfc13ae0349ab8e17,66163d26fc13ae7da9ab9d68
66163f07fc13ae7f77ab8b1a,66163eacfc13ae0349ab8e95,66163d25fc13ae7da9ab9a25
66163f07fc13ae7f77ab8b1b,66163eabfc13ae0349ab8e15,66163d25fc13ae7da9ab9ad7
66163f07fc13ae7f77ab8b1c,66163eb1fc13ae0349ab9190,66163d25fc13ae7da9ab9bc8
66163f07fc13ae7f77ab8b1d,66163eaffc13ae0349ab908e,66163d26fc13ae7da9ab9c38
66163f07fc13ae7f77ab8b1e,66163eb0fc13ae0349ab9100,66163d25fc13ae7da9ab9a5d
66163f07fc13ae7f77ab8b1f,66163eaefc13ae0349ab8fda,66163d25fc13ae7da9ab9a89
66163f07fc13ae7f77ab8b20,66163eacfc13ae0349ab8ec9,66163d25fc13ae7da9ab9ac2
66163f07fc13ae7f77ab8b21,66163eb0fc13ae0349ab90b8,66163d25fc13ae7da9ab9b83
66163f07fc13ae7f77ab8b22,66163eadfc13ae0349ab8f59,66163d25fc13ae7da9ab9a62
66163f07fc13ae7f77ab8b23,66163eb1fc13ae0349ab9151,66163d25fc13ae7da9ab9b7f
66163f07fc13ae7f77ab8b24,66163eb0fc13ae0349ab90ac,66163d25fc13ae7da9ab9a94
66163f07fc13ae7f77ab8b25,66163eaffc13ae0349ab908d,66163d26fc13ae7da9ab9ce2
66163f07fc13ae7f77ab8b26,66163eb1fc13ae0349ab9197,66163d25fc13ae7da9ab9ba6
66163f07fc13ae7f77ab8b27,66163eabfc13ae0349ab8e61,66163d25fc13ae7da9ab9aa6
66163f07fc13ae7f77ab8b28,66163eb1fc13ae0349ab9179,66163d25fc13ae7da9ab9aaa
66163f07fc13ae7f77ab8b29,66163eadfc13ae0349ab8f7e,66163d26fc13ae7da9ab9c6e
66163f07fc13ae7f77ab8b2a,66163eb1fc13ae0349ab9159,66163d25fc13ae7da9ab9b29
66163f07fc13ae7f77ab8b2b,66163eb0fc13ae0349ab90cb,66163d25fc13ae7da9ab9b6e
66163f07fc13ae7f77ab8b2c,66163eb1fc13ae0349ab91a1,66163d26fc13ae7da9ab9dd6
66163f07fc13ae7f77ab8b2d,66163eb0fc13ae0349ab910d,66163d26fc13ae7da9ab9c0c
66163f07fc13ae7f77ab8b2e,66163eaefc13ae0349ab8fde,66163d26fc13ae7da9ab9c99
66163f07fc13ae7f77ab8b2f,66163eb0fc13ae0349ab90e6,66163d25fc13ae7da9ab9b02
66163f07fc13ae7f77ab8b30,66163eb0fc13ae0349ab90aa,66163d26fc13ae7da9ab9d46
66163f07fc13ae7f77ab8b31,66163eaffc13ae0349ab903a,66163d26fc13ae7da9ab9d53
66163f07fc13ae7f77ab8b32,66163eadfc13ae0349ab8f3b,66163d26fc13ae7da9ab9d4c
66163f07fc13ae7f77ab8b33,66163eadfc13ae0349ab8f61,66163d26fc13ae7da9ab9bcf
66163f07fc13ae7f77ab8b34,66163eb1fc13ae0349ab91bb,66163d26fc13ae7da9ab9dd3
66163f07fc13ae7f77ab8b35,66163eaffc13ae0349ab9033,66163d26fc13ae7da9ab9d6b
66163f07fc13ae7f77ab8b36,66163eadfc13ae0349ab8f30,66163d25fc13ae7da9ab9b49
66163f07fc13ae7f77ab8b37,66163eacfc13ae0349ab8ea3,66163d26fc13ae7da9ab9c68
66163f07fc13ae7f77ab8b38,66163eadfc13ae0349ab8f28,66163d26fc13ae7da9ab9d3b
66163f07fc13ae7f77ab8b39,66163eabfc13ae0349ab8e4e,66163d25fc13ae7da9ab9acf
66163f07fc13ae7f77ab8b3a,66163eb1fc13ae0349ab91a7,66163d25fc13ae7da9ab9b4b
66163f07fc13ae7f77ab8b3b,66163eaefc13ae0349ab901e,66163d25fc13ae7da9ab9b7a
66163f07fc13ae7f77ab8b3c,66163eb0fc13ae0349ab90ef,66163d25fc13ae7da9ab9b82
66163f07fc13ae7f77ab8b3d,66163eadfc13ae0349ab8f1c,66163d25fc13ae7da9ab99fd
66163f07fc13ae7f77ab8b3e,66163eaefc13ae0349ab8ff0,66163d25fc13ae7da9ab9a5c
66163f07fc13ae7f77ab8b3f,66163eadfc13ae0349ab8f40,66163d26fc13ae7da9ab9d94
66163f07fc13ae7f77ab8b40,66163eabfc13ae0349ab8e61,66163d26fc13ae7da9ab9cd5
66163f07fc13ae7f77ab8b41,66163eaefc13ae0349ab8f96,66163d25fc13ae7da9ab9afa
66163f07fc13ae7f77ab8b42,66163eb0fc13ae0349ab910d,66163d25fc13ae7da9ab9bb5
66163f07fc13ae7f77ab8b43,66163eb0fc13ae0349ab90e6,66163d26fc13ae7da9ab9cf7
66163f07fc13ae7f77ab8b44,66163eaffc13ae0349ab90a3,66163d25fc13ae7da9ab9bbd
66163f07fc13ae7f77ab8b45,66163eb1fc13ae0349ab9191,66163d26fc13ae7da9ab9cf1
66163f07fc13ae7f77ab8b46,66163eadfc13ae0349ab8f91,66163d25fc13ae7da9ab9bb8
66163f07fc13ae7f77ab8b47,66163eadfc13ae0349ab8f8d,66163d25fc13ae7da9ab9a56
66163f07fc13ae7f77ab8b48,66163eaffc13ae0349ab9097,66163d26fc13ae7da9ab9c46
66163f07fc13ae7f77ab8b49,66163eb0fc13ae0349ab9115,66163d25fc13ae7da9ab9a8a
66163f07fc13ae7f77ab8b4a,66163eb0fc13ae0349ab911b,66163d25fc13ae7da9ab9b36
66163f07fc13ae7f77ab8b4b,66163eaffc13ae0349ab9079,66163d25fc13ae7da9ab9b2a
66163f07fc13ae7f77ab8b4c,66163eb1fc13ae0349ab91aa,66163d25fc13ae7da9ab9adb
66163f07fc13ae7f77ab8b4d,66163eaefc13ae0349ab9008,66163d26fc13ae7da9ab9c89
66163f07fc13ae7f77ab8b4e,66163eaffc13ae0349ab9060,66163d26fc13ae7da9ab9d07
66163f07fc13ae7f77ab8b4f,66163eb1fc13ae0349ab9162,66163d26fc13ae7da9ab9dda
66163f07fc13ae7f77ab8b50,66163eaffc13ae0349ab9041,66163d25fc13ae7da9ab9b11
66163f07fc13ae7f77ab8b51,66163eadfc13ae0349ab8f7e,66163d25fc13ae7da9ab9b04
66163f07fc13ae7f77ab8b52,66163eacfc13ae0349ab8eb8,66163d26fc13ae7da9ab9c5e
66163f07fc13ae7f77ab8b53,66163eabfc13ae0349ab8e24,66163d26fc13ae7da9ab9c13
66163f07fc13ae7f77ab8b54,66163eb0fc13ae0349ab90ae,66163d26fc13ae7da9ab9c57
66163f07fc13ae7f77ab8b55,66163eadfc13ae0349ab8f2a,66163d26fc13ae7da9ab9c14
66163f07fc13ae7f77ab8b56,66163eaffc13ae0349ab9065,66163d25fc13ae7da9ab9a7a
66163f07fc13ae7f77ab8b57,66163eaffc13ae0349ab903e,66163d26fc13ae7da9ab9d79
66163f07fc13ae7f77ab8b58,66163eaffc13ae0349ab904e,66163d25fc13ae7da9ab9b77
66163f07fc13ae7f77ab8b59,66163eacfc13ae0349ab8eef,66163d25fc13ae7da9ab9b2d
66163f07fc13ae7f77ab8b5a,66163eaffc13ae0349ab903a,66163d25fc13ae7da9ab9a78
66163f07fc13ae7f77ab8b5b,66163eabfc13ae0349ab8e5b,66163d25fc13ae7da9ab9bc1
66163f07fc13ae7f77ab8b5c,66163eaefc13ae0349ab8fc3,66163d26fc13ae7da9ab9c22
66163f07fc13ae7f77ab8b5d,66163eacfc13ae0349ab8eb4,66163d26fc13ae7da9ab9d36
66163f07fc13ae7f77ab8b5e,66163eaffc13ae0349ab9089,66163d25fc13ae7da9ab9b48
66163f07fc13ae7f77ab8b5f,66163eadfc13ae0349ab8f89,66163d26fc13ae7da9ab9d63
66163f07fc13ae7f77ab8b60,66163eacfc13ae0349ab8ef3,66163d26fc13ae7da9ab9d79
66163f07fc13ae7f77ab8b61,66163eb0fc13ae0349ab910f,66163d26fc13ae7da9ab9cf2
66163f07fc13ae7f77ab8b62,66163eaefc13ae0349ab8fed,66163d26fc13ae7da9ab9ce6
66163f07fc13ae7f77ab8b63,66163eaefc13ae0349ab9005,66163d26fc13ae7da9ab9d08
66163f07fc13ae7f77ab8b64,66163eb1fc13ae0349ab9178,66163d25fc13ae7da9ab9afe
66163f07fc13ae7f77ab8b65,66163eacfc13ae0349ab8eb1,66163d26fc13ae7da9ab9d4a
66163f07fc13ae7f77ab8b66,66163eacfc13ae0349ab8ea0,66163d25fc13ae7da9ab9b50
66163f07fc13ae7f77ab8b67,66163eaefc13ae0349ab8fd2,66163d26fc13ae7da9ab9cd0
66163f07fc13ae7f77ab8b68,66163eaefc13ae0349ab8fc2,66163d26fc13ae7da9ab9d22
66163f07fc13ae7f77ab8b69,66163eacfc13ae0349ab8eba,66163d25fc13ae7da9ab9ba9
66163f07fc13ae7f77ab8b6a,66163eadfc13ae0349ab8f3f,66163d26fc13ae7da9ab9ce0
66163f07fc13ae7f77ab8b6b,66163eaffc13ae0349ab9061,66163d26fc13ae7da9ab9d22
66163f07fc13ae7f77ab8b6c,66163eaffc13ae0349ab904f,66163d25fc13ae7da9ab9a9a
66163f07fc13ae7f77ab8b6d,66163eadfc13ae0349ab8f6c,66163d25fc13ae7da9ab9a27
66163f07fc13ae7f77ab8b6e,66163eaffc13ae0349ab9094,66163d25fc13ae7da9ab9a46
66163f07fc13ae7f77ab8b6f,66163eb1fc13ae0349ab91b3,66163d25fc13ae7da9ab9a09
66163f07fc13ae7f77ab8b70,66163eb0fc13ae0349ab910a,66163d26fc13ae7da9ab9bfd
66163f07fc13ae7f77ab8b71,66163eaafc13ae0349ab8ddd,66163d26fc13ae7da9ab9dc8
66163f07fc13ae7f77ab8b72,66163eadfc13ae0349ab8f37,66163d26fc13ae7da9ab9d1f
66163f07fc13ae7f77ab8b73,66163eacfc13ae0349ab8ea9,66163d26fc13ae7da9ab9dbd
66163f07fc13ae7f77ab8b74,66163eaffc13ae0349ab904d,66163d26fc13ae7da9ab9d00
66163f07fc13ae7f77ab8b75,66163eaefc13ae0349ab8fea,66163d25fc13ae7da9ab9ad2
66163f07fc13ae7f77ab8b76,66163eadfc13ae0349ab8f3a,66163d26fc13ae7da9ab9c98
66163f07fc13ae7f77ab8b77,66163eabfc13ae0349ab8e14,66163d25fc13ae7da9ab9b6b
66163f07fc13ae7f77ab8b78,66163eaffc13ae0349ab909c,66163d25fc13ae7da9ab9ad9
66163f07fc13ae7f77ab8b79,66163eb1fc13ae0349ab9184,66163d26fc13ae7da9ab9c6f
66163f07fc13ae7f77ab8b7a,66163eb0fc13ae0349ab9118,66163d26fc13ae7da9ab9be3
66163f07fc13ae7f77ab8b7b,66163eb1fc13ae0349ab915d,66163d26fc13ae7da9ab9caf
66163f07fc13ae7f77ab8b7c,66163eacfc13ae0349ab8ed6,66163d25fc13ae7da9ab9b7f
66163f07fc13ae7f77ab8b7d,66163eadfc13ae0349ab8f3c,66163d26fc13ae7da9ab9c65
66163f07fc13ae7f77ab8b7e,66163eaefc13ae0349ab8ffc,66163d25fc13ae7da9ab9b74
66163f07fc13ae7f77ab8b7f,66163eb1fc13ae0349ab9191,66163d26fc13ae7da9ab9c88
66163f07fc13ae7f77ab8b80,66163eabfc13ae0349ab8e0c,66163d25fc13ae7da9ab9a06
66163f07fc13ae7f77ab8b81,66163eacfc13ae0349ab8ee4,66163d25fc13ae7da9ab9bb3
66163f07fc13ae7f77ab8b82,66163eabfc13ae0349ab8e0e,66163d25fc13ae7da9ab9bc3
66163f07fc13ae7f77ab8b83,66163eb0fc13ae0349ab90cd,66163d25fc13ae7da9ab9af2
66163f07fc13ae7f77ab8b84,66163eadfc13ae0349ab8f1f,66163d26fc13ae7da9ab9d8f
66163f07fc13ae7f77ab8b85,66163eadfc13ae0349ab8f27,66163d26fc13ae7da9ab9cd8
66163f07fc13ae7f77ab8b86,66163eadfc13ae0349ab8f86,66163d25fc13ae7da9ab9b47
66163f07fc13ae7f77ab8b87,66163eadfc13ae0349ab8f88,66163d26fc13ae7da9ab9d94
66163f07fc13ae7f77ab8b88,66163eaffc13ae0349ab9091,66163d26fc13ae7da9ab9cf7
66163f07fc13ae7f77ab8b89,66163eabfc13ae0349ab8e7d,66163d26fc13ae7da9ab9ced
66163f07fc13ae7f77ab8b8a,66163eb1fc13ae0349ab9153,66163d25fc13ae7da9ab9b21
66163f07fc13ae7f77ab8b8b,66163eb0fc13ae0349ab9111,66163d25fc13ae7da9ab9a42
66163f07fc13ae7f77ab8b8c,66163eb0fc13ae0349ab9107,66163d26fc13ae7da9ab9d94
66163f07fc13ae7f77ab8b8d,66163eb1fc13ae0349ab91b0,66163d26fc13ae7da9ab9d85
66163f07fc13ae7f77ab8b8e,66163eaefc13ae0349ab8fa8,66163d25fc13ae7da9ab9b8e
66163f07fc13ae7f77ab8b8f,66163eb0fc13ae0349ab9103,66163d25fc13ae7da9ab9af5
66163f07fc13ae7f77ab8b90,66163eadfc13ae0349ab8f5d,66163d26fc13ae7da9ab9d0c
66163f07fc13ae7f77ab8b91,66163eb1fc13ae0349ab9189,66163d26fc13ae7da9ab9d3c
66163f07fc13ae7f77ab8b92,66163eacfc13ae0349ab8f0b,66163d25fc13ae7da9ab9aaf
66163f07fc13ae7f77ab8b93,66163eadfc13ae0349ab8f52,66163d26fc13ae7da9ab9cb2
66163f07fc13ae7f77ab8b94,66163eb0fc13ae0349ab90f4,66163d25fc13ae7da9ab9b2b
66163f07fc13ae7f77ab8b95,66163eaefc13ae0349ab8fcb,66163d25fc13ae7da9ab9b05
66163f07fc13ae7f77ab8b96,66163eabfc13ae0349ab8e7c,66163d25fc13ae7da9ab9b44
66163f07fc13ae7f77ab8b97,66163eadfc13ae0349ab8f84,66163d26fc13ae7da9ab9c85
66163f07fc13ae7f77ab8b98,66163eb1fc13ae0349ab9166,66163d25fc13ae7da9ab9b53
66163f07fc13ae7f77ab8b99,66163eabfc13ae0349ab8e51,66163d26fc13ae7da9ab9c49
66163f07fc13ae7f77ab8b9a,66163eaefc13ae0349ab8fb4,66163d26fc13ae7da9ab9c8b
66163f07fc13ae7f77ab8b9b,66163eacfc13ae0349ab8f0d,66163d26fc13ae7da9ab9c84
66163f07fc13ae7f77ab8b9c,66163eb1fc13ae0349ab91ab,66163d26fc13ae7da9ab9d1e
66163f07fc13ae7f77ab8b9d,66163eacfc13ae0349ab8f09,66163d25fc13ae7da9ab9aa3
66163f07fc13ae7f77ab8b9e,66163eabfc13ae0349ab8e72,66163d26fc13ae7da9ab9bee
66163f07fc13ae7f77ab8b9f,66163eabfc13ae0349ab8e1e,66163d25fc13ae7da9ab9b9d
66163f07fc13ae7f77ab8ba0,66163eb1fc13ae0349ab9184,66163d25fc13ae7da9ab9bba
66163f07fc13ae7f77ab8ba1,66163eadfc13ae0349ab8f1b,66163d26fc13ae7da9ab9cab
66163f07fc13ae7f77ab8ba2,66163eb0fc13ae0349ab911d,66163d26fc13ae7da9ab9d7a
66163f07fc13ae7f77ab8ba3,66163eabfc13ae0349ab8dfe,66163d26fc13ae7da9ab9d3d
66163f07fc13ae7f77ab8ba4,66163eaafc13ae0349ab8dde,66163d26fc13ae7da9ab9c6f
66163f07fc13ae7f77ab8ba5,66163eadfc13ae0349ab8f8d,66163d25fc13ae7da9ab9b38
66163f07fc13ae7f77ab8ba6,66163eaefc13ae0349ab8fa9,66163d25fc13ae7da9ab9a9d
66163f07fc13ae7f77ab8ba7,66163eaefc13ae0349ab9022,66163d26fc13ae7da9ab9d93
66163f07fc13ae7f77ab8ba8,66163eaafc13ae0349ab8de6,66163d25fc13ae7da9ab9ba2
66163f07fc13ae7f77ab8ba9,66163eacfc13ae0349ab8eef,66163d26fc13ae7da9ab9d40
66163f07fc13ae7f77ab8baa,66163eabfc13ae0349ab8dff,66163d26fc13ae7da9ab9dcd
66163f07fc13ae7f77ab8bab,66163eb0fc13ae0349ab9107,66163d26fc13ae7da9ab9c72
66163f07fc13ae7f77ab8bac,66163eabfc13ae0349ab8e07,66163d25fc13ae7da9ab9b4f
66163f07fc13ae7f77ab8bad,66163eadfc13ae0349ab8f47,66163d25fc13ae7da9ab9a40
66163f07fc13ae7f77ab8bae,66163eacfc13ae0349ab8ef0,66163d26fc13ae7da9ab9cda
66163f07fc13ae7f77ab8baf,66163eb0fc13ae0349ab90e9,66163d25fc13ae7da9ab9ad5
66163f07fc13ae7f77ab8bb0,66163eb1fc13ae0349ab91c1,66163d26fc13ae7da9ab9d36
66163f07fc13ae7f77ab8bb1,66163eaefc13ae0349ab8fd4,66163d25fc13ae7da9ab9adf
66163f07fc13ae7f77ab8bb2,66163eacfc13ae0349ab8ef9,66163d25fc13ae7da9ab9b51
66163f07fc13ae7f77ab8bb3,66163eaffc13ae0349ab903b,66163d26fc13ae7da9ab9d55
66163f07fc13ae7f77ab8bb4,66163eb0fc13ae0349ab90c2,66163d26fc13ae7da9ab9bd7
66163f07fc13ae7f77ab8bb5,66163eabfc13ae0349ab8e73,66163d26fc13ae7da9ab9beb
66163f07fc13ae7f77ab8bb6,66163eb1fc13ae0349ab916e,66163d26fc13ae7da9ab9dc4
66163f07fc13ae7f77ab8bb7,66163eacfc13ae0349ab8ed0,66163d26fc13ae7da9ab9d54
66163f07fc13ae7f77ab8bb8,66163eacfc13ae0349ab8edc,66163d26fc13ae7da9ab9bf0
66163f07fc13ae7f77ab8bb9,66163eb0fc13ae0349ab90d7,66163d25fc13ae7da9ab9af3
66163f07fc13ae7f77ab8bba,66163eb0fc13ae0349ab911d,66163d26fc13ae7da9ab9d20
66163f07fc13ae7f77ab8bbb,66163eaefc13ae0349ab8faa,66163d26fc13ae7da9ab9c51
66163f07fc13ae7f77ab8bbc,66163eacfc13ae0349ab8eb5,66163d26fc13ae7da9ab9dd6
66163f07fc13ae7f77ab8bbd,66163eacfc13ae0349ab8eff,66163d26fc13ae7da9ab9dbd
66163f07fc13ae7f77ab8bbe,66163eb0fc13ae0349ab90d0,66163d26fc13ae7da9ab9d9e
66163f07fc13ae7f77ab8bbf,66163eaffc13ae0349ab9064,66163d25fc13ae7da9ab9b79
66163f07fc13ae7f77ab8bc0,66163eaffc13ae0349ab9050,66163d26fc13ae7da9ab9c75
66163f07fc13ae7f77ab8bc1,66163eb0fc13ae0349ab90e1,66163d25fc13ae7da9ab9b18
66163f07fc13ae7f77ab8bc2,66163eb1fc13ae0349ab9158,66163d25fc13ae7da9ab9ae3
66163f07fc13ae7f77ab8bc3,66163eb0fc13ae0349ab911d,66163d25fc13ae7da9ab9b55
66163f07fc13ae7f77ab8bc4,66163eacfc13ae0349ab8ec8,66163d26fc13ae7da9ab9cb7
66163f07fc13ae7f77ab8bc5,66163eaefc13ae0349ab8fb8,66163d26fc13ae7da9ab9c1d
66163f07fc13ae7f77ab8bc6,66163eaefc13ae0349ab9011,66163d26fc13ae7da9ab9d0f
66163f07fc13ae7f77ab8bc7,66163eaefc13ae0349ab8ff8,66163d25fc13ae7da9ab9a00
66163f07fc13ae7f77ab8bc8,66163eb0fc13ae0349ab90cc,66163d25fc13ae7da9ab9b77
66163f07fc13ae7f77ab8bc9,66163eb0fc13ae0349ab90ef,66163d26fc13ae7da9ab9d41
66163f07fc13ae7f77ab8bca,66163eaefc13ae0349ab8ffd,66163d25fc13ae7da9ab9b47
66163f07fc13ae7f77ab8bcb,66163eaffc13ae0349ab9072,66163d25fc13ae7da9ab9a3d
66163f07fc13ae7f77ab8bcc,66163eaffc13ae0349ab9038,66163d25fc13ae7da9ab9ba9
66163f07fc13ae7f77ab8bcd,66163eabfc13ae0349ab8e07,66163d26fc13ae7da9ab9c9b
66163f07fc13ae7f77ab8bce,66163eb1fc13ae0349ab9195,66163d25fc13ae7da9ab9ae7
66163f07fc13ae7f77ab8bcf,66163eb1fc13ae0349ab915d,66163d25fc13ae7da9ab9b34
66163f07fc13ae7f77ab8bd0,66163eb1fc13ae0349ab917e,66163d26fc13ae7da9ab9db0
66163f07fc13ae7f77ab8bd1,66163eadfc13ae0349ab8f77,66163d25fc13ae7da9ab9b64
66163f07fc13ae7f77ab8bd2,66163eaafc13ae0349ab8ddf,66163d26fc13ae7da9ab9db7
66163f07fc13ae7f77ab8bd3,66163eaefc13ae0349ab8fe2,66163d26fc13ae7da9ab9c06
66163f07fc13ae7f77ab8bd4,66163eb1fc13ae0349ab91a0,66163d25fc13ae7da9ab9a75
66163f07fc13ae7f77ab8bd5,66163eadfc13ae0349ab8f93,66163d25fc13ae7da9ab9aa1
66163f07fc13ae7f77ab8bd6,66163eadfc13ae0349ab8f3e,66163d25fc13ae7da9ab9aa5
66163f07fc13ae7f77ab8bd7,66163eb1fc13ae0349ab916c,66163d26fc13ae7da9ab9c7d
66163f07fc13ae7f77ab8bd8,66163eaffc13ae0349ab907d,66163d25fc13ae7da9ab9ad8
66163f07fc13ae7f77ab8bd9,66163eabfc13ae0349ab8e6e,66163d25fc13ae7da9ab9b27
66163f07fc13ae7f77ab8bda,66163eabfc13ae0349ab8e49,66163d26fc13ae7da9ab9bde
66163f07fc13ae7f77ab8bdb,66163eadfc13ae0349ab8f27,66163d26fc13ae7da9ab9c82
66163f07fc13ae7f77ab8bdc,66163eb0fc13ae0349ab90de,66163d25fc13ae7da9ab9b2b
66163f07fc13ae7f77ab8bdd,66163eb0fc13ae0349ab912f,66163d26fc13ae7da9ab9cdb
66163f07fc13ae7f77ab8bde,66163eb1fc13ae0349ab9141,66163d25fc13ae7da9ab9a89
66163f07fc13ae7f77ab8bdf,66163eaefc13ae0349ab8fab,66163d25fc13ae7da9ab9b01
66163f07fc13ae7f77ab8be0,66163eb1fc13ae0349ab91a2,66163d25fc13ae7da9ab9bac
66163f07fc13ae7f77ab8be1,66163eb0fc13ae0349ab9113,66163d26fc13ae7da9ab9db8
66163f07fc13ae7f77ab8be2,66163eb0fc13ae0349ab912c,66163d26fc13ae7da9ab9dd9
66163f07fc13ae7f77ab8be3,66163eacfc13ae0349ab8ed0,66163d25fc13ae7da9ab9a66
66163f07fc13ae7f77ab8be4,66163eb1fc13ae0349ab91a6,66163d26fc13ae7da9ab9cf1
66163f07fc13ae7f77ab8be5,66163eaefc13ae0349ab901d,66163d26fc13ae7da9ab9c94
66163f07fc13ae7f77ab8be6,66163eb0fc13ae0349ab9116,66163d26fc13ae7da9ab9d55
66163f07fc13ae7f77ab8be7,66163eadfc13ae0349ab8f8e,66163d25fc13ae7da9ab9b3a
66163f07fc13ae7f77ab8be8,66163eaefc13ae0349ab9017,66163d26fc13ae7da9ab9cdc
66163f07fc13ae7f77ab8be9,66163eabfc13ae0349ab8df7,66163d25fc13ae7da9ab9b04
66163f07fc13ae7f77ab8bea,66163eaffc13ae0349ab9028,66163d25fc13ae7da9ab9b41
66163f07fc13ae7f77ab8beb,66163eaefc13ae0349ab8fb4,66163d26fc13ae7da9ab9cb7
66163f07fc13ae7f77ab8bec,66163eaefc13ae0349ab8fbf,66163d26fc13ae7da9ab9cea
66163f07fc13ae7f77ab8bed,66163eaefc13ae0349ab9022,66163d25fc13ae7da9ab9b96
66163f07fc13ae7f77ab8bee,66163eabfc13ae0349ab8e74,66163d26fc13ae7da9ab9dd3
66163f07fc13ae7f77ab8bef,66163eabfc13ae0349ab8e50,66163d26fc13ae7da9ab9c0b
66163f07fc13ae7f77ab8bf0,66163eb1fc13ae0349ab9173,66163d25fc13ae7da9ab9a6c
66163f07fc13ae7f77ab8bf1,66163eb1fc13ae0349ab91a1,66163d25fc13ae7da9ab9b28
66163f07fc13ae7f77ab8bf2,66163eb1fc13ae0349ab914e,66163d25fc13ae7da9ab9a77
66163f07fc13ae7f77ab8bf3,66163eaefc13ae0349ab9015,66163d26fc13ae7da9ab9d13
66163f07fc13ae7f77ab8bf4,66163eaffc13ae0349ab9049,66163d26fc13ae7da9ab9be1
66163f07fc13ae7f77ab8bf5,66163eb0fc13ae0349ab90ce,66163d25fc13ae7da9ab9b4f
66163f07fc13ae7f77ab8bf6,66163eadfc13ae0349ab8f66,66163d26fc13ae7da9ab9cba
66163f07fc13ae7f77ab8bf7,66163eacfc13ae0349ab8ea6,66163d25fc13ae7da9ab9a45
66163f07fc13ae7f77ab8bf8,66163eabfc13ae0349ab8e17,66163d26fc13ae7da9ab9c4d
66163f07fc13ae7f77ab8bf9,66163eadfc13ae0349ab8f10,66163d25fc13ae7da9ab9ac1
66163f07fc13ae7f77ab8bfa,66163eaffc13ae0349ab908b,66163d26fc13ae7da9ab9daf
66163f07fc13ae7f77ab8bfb,66163eb0fc13ae0349ab9116,66163d25fc13ae7da9ab9b79
66163f07fc13ae7f77ab8bfc,66163eadfc13ae0349ab8f4a,66163d25fc13ae7da9ab9aba
66163f07fc13ae7f77ab8bfd,66163eaffc13ae0349ab9061,66163d26fc13ae7da9ab9cd1
66163f07fc13ae7f77ab8bfe,66163eb1fc13ae0349ab91b8,66163d25fc13ae7da9ab9a3b
66163f07fc13ae7f77ab8bff,66163eacfc13ae0349ab8ec4,66163d26fc13ae7da9ab9d7a
66163f07fc13ae7f77ab8c00,66163eb0fc13ae0349ab9129,66163d25fc13ae7da9ab9aad
66163f07fc13ae7f77ab8c01,66163eabfc13ae0349ab8e42,66163d26fc13ae7da9ab9c9e
66163f07fc13ae7f77ab8c02,66163eabfc13ae0349ab8e7a,66163d25fc13ae7da9ab9a3d
66163f07fc13ae7f77ab8c03,66163eadfc13ae0349ab8f79,66163d26fc13ae7da9ab9d40
66163f07fc13ae7f77ab8c04,66163eb0fc13ae0349ab90fc,66163d25fc13ae7da9ab9aaa
66163f07fc13ae7f77ab8c05,66163eabfc13ae0349ab8df2,66163d25fc13ae7da9ab9bcd
66163f07fc13ae7f77ab8c06,66163eb1fc13ae0349ab9179,66163d26fc13ae7da9ab9d1e
66163f07fc13ae7f77ab8c07,66163eadfc13ae0349ab8f79,66163d25fc13ae7da9ab9b61
66163f07fc13ae7f77ab8c08,66163eaffc13ae0349ab9095,66163d25fc13ae7da9ab9ad5
66163f07fc13ae7f77ab8c09,66163eaffc13ae0349ab9032,66163d25fc13ae7da9ab9a10
66163f07fc13ae7f77ab8c0a,66163eacfc13ae0349ab8ee0,66163d26fc13ae7da9ab9bd3
66163f07fc13ae7f77ab8c0b,66163eb0fc13ae0349ab90ea,66163d26fc13ae7da9ab9c0e
66163f07fc13ae7f77ab8c0c,66163eacfc13ae0349ab8e8e,66163d25fc13ae7da9ab9a66
66163f07fc13ae7f77ab8c0d,66163eacfc13ae0349ab8eb2,66163d26fc13ae7da9ab9c46
66163f07fc13ae7f77ab8c0e,66163eabfc13ae0349ab8dff,66163d25fc13ae7da9ab9b7f
66163f07fc13ae7f77ab8c0f,66163eabfc13ae0349ab8e78,66163d25fc13ae7da9ab9b89
66163f07fc13ae7f77ab8c10,66163eabfc13ae0349ab8e3f,66163d25fc13ae7da9ab9aab
66163f07fc13ae7f77ab8c11,66163eabfc13ae0349ab8e0a,66163d25fc13ae7da9ab9b96
66163f07fc13ae7f77ab8c12,66163eaffc13ae0349ab9070,66163d25fc13ae7da9ab9b08
66163f07fc13ae7f77ab8c13,66163eadfc13ae0349ab8f79,66163d26fc13ae7da9ab9bdc
66163f07fc13ae7f77ab8c14,66163eb1fc13ae0349ab9195,66163d26fc13ae7da9ab9dd3
66163f07fc13ae7f77ab8c15,66163eabfc13ae0349ab8e51,66163d26fc13ae7da9ab9dc1
66163f07fc13ae7f77ab8c16,66163eadfc13ae0349ab8f79,66163d25fc13ae7da9ab9a9b
66163f07fc13ae7f77ab8c17,66163eaefc13ae0349ab8ff1,66163d26fc13ae7da9ab9c2f
66163f07fc13ae7f77ab8c18,66163eaffc13ae0349ab9063,66163d26fc13ae7da9ab9c18
66163f07fc13ae7f77ab8c19,66163eb1fc13ae0349ab91a3,66163d26fc13ae7da9ab9dd3
66163f07fc13ae7f77ab8c1a,66163eb1fc13ae0349ab918e,66163d25fc13ae7da9ab9adc
66163f07fc13ae7f77ab8c1b,66163eb1fc13ae0349ab91a7,66163d25fc13ae7da9ab9b7a
66163f07fc13ae7f77ab8c1c,66163eadfc13ae0349ab8f53,66163d26fc13ae7da9ab9cba
66163f07fc13ae7f77ab8c1d,66163eabfc13ae0349ab8e31,66163d25fc13ae7da9ab9b6d
66163f07fc13ae7f77ab8c1e,66163eaffc13ae0349ab9087,66163d25fc13ae7da9ab9b14
66163f07fc13ae7f77ab8c1f,66163eb0fc13ae0349ab90f2,66163d26fc13ae7da9ab9c4f
66163f07fc13ae7f77ab8c20,66163eb1fc13ae0349ab9151,66163d25fc13ae7da9ab9a42
66163f07fc13ae7f77ab8c21,66163eabfc13ae0349ab8e60,66163d25fc13ae7da9ab9ab1
66163f07fc13ae7f77ab8c22,66163eb0fc13ae0349ab911d,66163d26fc13ae7da9ab9c6d
66163f07fc13ae7f77ab8c23,66163eb1fc13ae0349ab91a7,66163d25fc13ae7da9ab9aa6
66163f07fc13ae7f77ab8c24,66163eaafc13ae0349ab8de2,66163d25fc13ae7da9ab9bc1
66163f07fc13ae7f77ab8c25,66163eabfc13ae0349ab8e6b,66163d26fc13ae7da9ab9c0b
66163f07fc13ae7f77ab8c26,66163eadfc13ae0349ab8f48,66163d25fc13ae7da9ab9bbb
66163f07fc13ae7f77ab8c27,66163eb1fc13ae0349ab91b7,66163d25fc13ae7da9ab9a7e
66163f07fc13ae7f77ab8c28,66163eaefc13ae0349ab8ff2,66163d26fc13ae7da9ab9d2d
66163f07fc13ae7f77ab8c29,66163eb1fc13ae0349ab91ab,66163d26fc13ae7da9ab9c97
66163f07fc13ae7f77ab8c2a,66163eb1fc13ae0349ab9146,66163d26fc13ae7da9ab9cf8
66163f07fc13ae7f77ab8c2b,66163eaffc13ae0349ab9026,66163d26fc13ae7da9ab9bee
66163f07fc13ae7f77ab8c2c,66163eb1fc13ae0349ab91c1,66163d25fc13ae7da9ab9bab
66163f07fc13ae7f77ab8c2d,66163eaffc13ae0349ab9097,66163d25fc13ae7da9ab9b5f
66163f07fc13ae7f77ab8c2e,66163eadfc13ae0349ab8f40,66163d25fc13ae7da9ab9a70
66163f07fc13ae7f77ab8c2f,66163eacfc13ae0349ab8f0e,66163d25fc13ae7da9ab9ad9
66163f07fc13ae7f77ab8c30,66163eb1fc13ae0349ab91c3,66163d26fc13ae7da9ab9c4f
66163f07fc13ae7f77ab8c31,66163eadfc13ae0349ab8f30,66163d25fc13ae7da9ab9bac
66163f07fc13ae7f77ab8c32,66163eaffc13ae0349ab9068,66163d25fc13ae7da9ab9aae
66163f07fc13ae7f77ab8c33,66163eadfc13ae0349ab8f21,66163d25fc13ae7da9ab9a8d
66163f07fc13ae7f77ab8c34,66163eaefc13ae0349ab8fd2,66163d25fc13ae7da9ab9bb3
66163f07fc13ae7f77ab8c35,66163eadfc13ae0349ab8f60,66163d25fc13ae7da9ab9a7c
66163f07fc13ae7f77ab8c36,66163eb0fc13ae0349ab90f6,66163d26fc13ae7da9ab9d50
66163f07fc13ae7f77ab8c37,66163eb0fc13ae0349ab9121,66163d26fc13ae7da9ab9d54
66163f07fc13ae7f77ab8c38,66163eaffc13ae0349ab9025,66163d25fc13ae7da9ab9bbe
66163f07fc13ae7f77ab8c39,66163eabfc13ae0349ab8e14,66163d25fc13ae7da9ab9add
66163f07fc13ae7f77ab8c3a,66163eb1fc13ae0349ab91ae,66163d26fc13ae7da9ab9d08
66163f07fc13ae7f77ab8c3b,66163eacfc13ae0349ab8ec2,66163d25fc13ae7da9ab9b49
66163f07fc13ae7f77ab8c3c,66163eaffc13ae0349ab9023,66163d26fc13ae7da9ab9cd7
66163f07fc13ae7f77ab8c3d,66163eacfc13ae0349ab8e9f,66163d25fc13ae7da9ab9af5
66163f07fc13ae7f77ab8c3e,66163eb0fc13ae0349ab9118,66163d25fc13ae7da9ab9a9e
66163f07fc13ae7f77ab8c3f,66163eacfc13ae0349ab8e88,66163d26fc13ae7da9ab9bd3
66163f07fc13ae7f77ab8c40,66163eacfc13ae0349ab8ed9,66163d25fc13ae7da9ab9b9d
66163f07fc13ae7f77ab8c41,66163eacfc13ae0349ab8eb7,66163d26fc13ae7da9ab9d3b
66163f07fc13ae7f77ab8c42,66163eacfc13ae0349ab8ea8,66163d25fc13ae7da9ab9a68
66163f07fc13ae7f77ab8c43,66163eaffc13ae0349ab903e,66163d25fc13ae7da9ab9bc1
66163f07fc13ae7f77ab8c44,66163eb0fc13ae0349ab90a8,66163d25fc13ae7da9ab9b4c
66163f07fc13ae7f77ab8c45,66163eadfc13ae0349ab8f36,66163d25fc13ae7da9ab9a14
66163f07fc13ae7f77ab8c46,66163eb1fc13ae0349ab91c4,66163d26fc13ae7da9ab9d64
66163f07fc13ae7f77ab8c47,66163eb0fc13ae0349ab90eb,66163d26fc13ae7da9ab9cdd
66163f07fc13ae7f77ab8c48,66163eadfc13ae0349ab8f91,66163d25fc13ae7da9ab9ae5
66163f07fc13ae7f77ab8c49,66163eacfc13ae0349ab8eed,66163d25fc13ae7da9ab9b06
66163f07fc13ae7f77ab8c4a,66163eacfc13ae0349ab8e8c,66163d26fc13ae7da9ab9c59
66163f07fc13ae7f77ab8c4b,66163eaffc13ae0349ab9032,66163d26fc13ae7da9ab9ccc
66163f07fc13ae7f77ab8c4c,66163eabfc13ae0349ab8e20,66163d26fc13ae7da9ab9ca2
66163f07fc13ae7f77ab8c4d,66163eadfc13ae0349ab8f35,66163d26fc13ae7da9ab9bd1
66163f07fc13ae7f77ab8c4e,66163eb1fc13ae0349ab915f,66163d26fc13ae7da9ab9d00
66163f07fc13ae7f77ab8c4f,66163eabfc13ae0349ab8e31,66163d25fc13ae7da9ab9ae2
66163f07fc13ae7f77ab8c50,66163eb0fc13ae0349ab9111,66163d25fc13ae7da9ab9ad0
66163f07fc13ae7f77ab8c51,66163eaefc13ae0349ab9022,66163d25fc13ae7da9ab9bcc
66163f07fc13ae7f77ab8c52,66163eadfc13ae0349ab8f60,66163d25fc13ae7da9ab9adf
66163f07fc13ae7f77ab8c53,66163eb0fc13ae0349ab90d6,66163d26fc13ae7da9ab9c4f
66163f07fc13ae7f77ab8c54,66163eb0fc13ae0349ab9121,66163d26fc13ae7da9ab9bf4
66163f07fc13ae7f77ab8c55,66163eacfc13ae0349ab8ebc,66163d26fc13ae7da9ab9d4f
66163f07fc13ae7f77ab8c56,66163eb1fc13ae0349ab91b9,66163d25fc13ae7da9ab9b41
66163f07fc13ae7f77ab8c57,66163eaefc13ae0349ab8fe7,66163d25fc13ae7da9ab9b51
66163f07fc13ae7f77ab8c58,66163eaefc13ae0349ab9015,66163d26fc13ae7da9ab9c25
66163f07fc13ae7f77ab8c59,66163eadfc13ae0349ab8f7e,66163d25fc13ae7da9ab9a0b
66163f07fc13ae7f77ab8c5a,66163eacfc13ae0349ab8e93,66163d26fc13ae7da9ab9c14
66163f07fc13ae7f77ab8c5b,66163eabfc13ae0349ab8e66,66163d25fc13ae7da9ab9ab1
66163f07fc13ae7f77ab8c5c,66163eabfc13ae0349ab8e74,66163d26fc13ae7da9ab9ce2
66163f07fc13ae7f77ab8c5d,66163eb1fc13ae0349ab9177,66163d26fc13ae7da9ab9ca6
66163f07fc13ae7f77ab8c5e,66163eadfc13ae0349ab8f25,66163d26fc13ae7da9ab9c49
66163f07fc13ae7f77ab8c5f,66163eaefc13ae0349ab8faa,66163d25fc13ae7da9ab9ab2
66163f07fc13ae7f77ab8c60,66163eaafc13ae0349ab8dea,66163d25fc13ae7da9ab9a3b
66163f07fc13ae7f77ab8c61,66163eaefc13ae0349ab8ffa,66163d26fc13ae7da9ab9cbe
66163f07fc13ae7f77ab8c62,66163eadfc13ae0349ab8f6b,66163d26fc13ae7da9ab9d0f
66163f07fc13ae7f77ab8c63,66163eadfc13ae0349ab8f4f,66163d26fc13ae7da9ab9dce
66163f07fc13ae7f77ab8c64,66163eaefc13ae0349ab8fca,66163d26fc13ae7da9ab9d3a
66163f07fc13ae7f77ab8c65,66163eadfc13ae0349ab8f27,66163d25fc13ae7da9ab9a4e
66163f07fc13ae7f77ab8c66,66163eaffc13ae0349ab902e,66163d25fc13ae7da9ab9a31
66163f07fc13ae7f77ab8c67,66163eabfc13ae0349ab8e5f,66163d25fc13ae7da9ab9b8a
66163f07fc13ae7f77ab8c68,66163eabfc13ae0349ab8e52,66163d25fc13ae7da9ab9b9f
66163f07fc13ae7f77ab8c69,66163eabfc13ae0349ab8df8,66163d26fc13ae7da9ab9c1f
66163f07fc13ae7f77ab8c6a,66163eaefc13ae0349ab8fc9,66163d26fc13ae7da9ab9c1c
66163f07fc13ae7f77ab8c6b,66163eb1fc13ae0349ab916c,66163d26fc13ae7da9ab9cae
66163f07fc13ae7f77ab8c6c,66163eaafc13ae0349ab8df0,66163d25fc13ae7da9ab9b02
66163f07fc13ae7f77ab8c6d,66163eaffc13ae0349ab9096,66163d25fc13ae7da9ab9a61
66163f07fc13ae7f77ab8c6e,66163eaafc13ae0349ab8de0,66163d25fc13ae7da9ab9a2a
66163f07fc13ae7f77ab8c6f,66163eb1fc13ae0349ab9153,66163d26fc13ae7da9ab9d84
66163f07fc13ae7f77ab8c70,66163eaefc13ae0349ab8fc4,66163d26fc13ae7da9ab9d41
66163f07fc13ae7f77ab8c71,66163eaafc13ae0349ab8def,66163d25fc13ae7da9ab9a4e
66163f07fc13ae7f77ab8c72,66163eaefc13ae0349ab8ff0,66163d26fc13ae7da9ab9d10
66163f07fc13ae7f77ab8c73,66163eaffc13ae0349ab902a,66163d26fc13ae7da9ab9c4b
66163f07fc13ae7f77ab8c74,66163eabfc13ae0349ab8e45,66163d25fc13ae7da9ab9ab0
66163f07fc13ae7f77ab8c75,66163eacfc13ae0349ab8eea,66163d26fc13ae7da9ab9cce
66163f07fc13ae7f77ab8c76,66163eacfc13ae0349ab8e90,66163d26fc13ae7da9ab9d63
66163f07fc13ae7f77ab8c77,66163eaefc13ae0349ab8fbf,66163d26fc13ae7da9ab9cab
66163f07fc13ae7f77ab8c78,66163eaffc13ae0349ab9023,66163d25fc13ae7da9ab9ab2
66163f07fc13ae7f77ab8c79,66163eaafc13ae0349ab8dea,66163d25fc13ae7da9ab9b74
66163f07fc13ae7f77ab8c7a,66163eaefc13ae0349ab8fca,66163d26fc13ae7da9ab9d15
66163f07fc13ae7f77ab8c7b,66163eaffc13ae0349ab9028,66163d26fc13ae7da9ab9c2b
66163f07fc13ae7f77ab8c7c,66163eadfc13ae0349ab8f4d,66163d26fc13ae7da9ab9c55
66163f07fc13ae7f77ab8c7d,66163eb1fc13ae0349ab919a,66163d25fc13ae7da9ab9bae
66163f07fc13ae7f77ab8c7e,66163eacfc13ae0349ab8ea0,66163d26fc13ae7da9ab9d96
66163f07fc13ae7f77ab8c7f,66163eaffc13ae0349ab9032,66163d25fc13ae7da9ab9a65
66163f07fc13ae7f77ab8c80,66163eb1fc13ae0349ab919b,66163d26fc13ae7da9ab9ca5
66163f07fc13ae7f77ab8c81,66163eb0fc13ae0349ab9137,66163d25fc13ae7da9ab9b6b
66163f07fc13ae7f77ab8c82,66163eaffc13ae0349ab9032,66163d26fc13ae7da9ab9c04
66163f07fc13ae7f77ab8c83,66163eaefc13ae0349ab8fb3,66163d26fc13ae7da9ab9d9f
66163f07fc13ae7f77ab8c84,66163eb0fc13ae0349ab911c,66163d25fc13ae7da9ab9ae7
66163f07fc13ae7f77ab8c85,66163eaefc13ae0349ab9004,66163d26fc13ae7da9ab9cac
66163f07fc13ae7f77ab8c86,66163eb0fc13ae0349ab90ee,66163d25fc13ae7da9ab9bc4
66163f07fc13ae7f77ab8c87,66163eaefc13ae0349ab9017,66163d26fc13ae7da9ab9c41
66163f07fc13ae7f77ab8c88,66163eaefc13ae0349ab8f9d,66163d26fc13ae7da9ab9d79
66163f07fc13ae7f77ab8c89,66163eabfc13ae0349ab8e6d,66163d25fc13ae7da9ab9b3e
66163f07fc13ae7f77ab8c8a,66163eb0fc13ae0349ab90cd,66163d26fc13ae7da9ab9c84
66163f07fc13ae7f77ab8c8b,66163eaefc13ae0349ab8fde,66163d25fc13ae7da9ab9bc0
66163f07fc13ae7f77ab8c8c,66163eadfc13ae0349ab8f29,66163d26fc13ae7da9ab9caf
66163f07fc13ae7f77ab8c8d,66163eb0fc13ae0349ab9106,66163d25fc13ae7da9ab9b4c
66163f07fc13ae7f77ab8c8e,66163eacfc13ae0349ab8f05,66163d25fc13ae7da9ab9b1a
66163f07fc13ae7f77ab8c8f,66163eacfc13ae0349ab8ee3,66163d26fc13ae7da9ab9cde
66163f07fc13ae7f77ab8c90,66163eadfc13ae0349ab8f32,66163d26fc13ae7da9ab9cf5
66163f07fc13ae7f77ab8c91,66163eb0fc13ae0349ab90bd,66163d26fc13ae7da9ab9c6a
66163f07fc13ae7f77ab8c92,66163eaefc13ae0349ab9016,66163d25fc13ae7da9ab9ac2
66163f07fc13ae7f77ab8c93,66163eaffc13ae0349ab9034,66163d26fc13ae7da9ab9d9f
66163f07fc13ae7f77ab8c94,66163eb0fc13ae0349ab90f4,66163d26fc13ae7da9ab9cba
66163f07fc13ae7f77ab8c95,66163eaefc13ae0349ab9004,66163d25fc13ae7da9ab9bc7
66163f07fc13ae7f77ab8c96,66163eacfc13ae0349ab8ed6,66163d25fc13ae7da9ab9abe
66163f07fc13ae7f77ab8c97,66163eb1fc13ae0349ab915d,66163d26fc13ae7da9ab9dc6
66163f07fc13ae7f77ab8c98,66163eb1fc13ae0349ab9184,66163d26fc13ae7da9ab9d7c
66163f07fc13ae7f77ab8c99,66163eaefc13ae0349ab8fd9,66163d26fc13ae7da9ab9c6e
66163f07fc13ae7f77ab8c9a,66163eaefc13ae0349ab900c,66163d26fc13ae7da9ab9c53
66163f07fc13ae7f77ab8c9b,66163eadfc13ae0349ab8f6e,66163d25fc13ae7da9ab9b2d
66163f07fc13ae7f77ab8c9c,66163eabfc13ae0349ab8e47,66163d25fc13ae7da9ab9b14
66163f07fc13ae7f77ab8c9d,66163eb0fc13ae0349ab912e,66163d26fc13ae7da9ab9d76
66163f07fc13ae7f77ab8c9e,66163eaefc13ae0349ab8fe7,66163d26fc13ae7da9ab9c2f
66163f07fc13ae7f77ab8c9f,66163eb1fc13ae0349ab91b6,66163d25fc13ae7da9ab9a52
66163f07fc13ae7f77ab8ca0,66163eaffc13ae0349ab9096,66163d26fc13ae7da9ab9d79
66163f07fc13ae7f77ab8ca1,66163eadfc13ae0349ab8f3a,66163d25fc13ae7da9ab9a11
66163f07fc13ae7f77ab8ca2,66163eb1fc13ae0349ab9155,66163d25fc13ae7da9ab9b3f
66163f07fc13ae7f77ab8ca3,66163eacfc13ae0349ab8eb2,66163d25fc13ae7da9ab9a5d
66163f07fc13ae7f77ab8ca4,66163eaffc13ae0349ab90a3,66163d25fc13ae7da9ab9ac0
66163f07fc13ae7f77ab8ca5,66163eaefc13ae0349ab8fd9,66163d25fc13ae7da9ab9ad4
66163f07fc13ae7f77ab8ca6,66163eb0fc13ae0349ab911a,66163d25fc13ae7da9ab9bc3
66163f07fc13ae7f77ab8ca7,66163eb0fc13ae0349ab90e8,66163d26fc13ae7da9ab9d12
66163f07fc13ae7f77ab8ca8,66163eb1fc13ae0349ab91a5,66163d26fc13ae7da9ab9c30
66163f07fc13ae7f77ab8ca9,66163eb1fc13ae0349ab91c3,66163d26fc13ae7da9ab9cc6
66163f07fc13ae7f77ab8caa,66163eadfc13ae0349ab8f7f,66163d26fc13ae7da9ab9ca0
66163f07fc13ae7f77ab8cab,66163eb0fc13ae0349ab90a9,66163d25fc13ae7da9ab9aa6
66163f07fc13ae7f77ab8cac,66163eb0fc13ae0349ab9105,66163d26fc13ae7da9ab9d67
66163f07fc13ae7f77ab8cad,66163eb1fc13ae0349ab9172,66163d25fc13ae7da9ab9a72
66163f07fc13ae7f77ab8cae,66163eaffc13ae0349ab9059,66163d26fc13ae7da9ab9d5d
66163f07fc13ae7f77ab8caf,66163eaffc13ae0349ab9098,66163d26fc13ae7da9ab9c7b
66163f07fc13ae7f77ab8cb0,66163eabfc13ae0349ab8e0d,66163d26fc13ae7da9ab9cf2
66163f07fc13ae7f77ab8cb1,66163eb0fc13ae0349ab90f8,66163d25fc13ae7da9ab9ab7
66163f07fc13ae7f77ab8cb2,66163eb0fc13ae0349ab9138,66163d26fc13ae7da9ab9c3e
66163f07fc13ae7f77ab8cb3,66163eacfc13ae0349ab8efc,66163d26fc13ae7da9ab9dd1
66163f07fc13ae7f77ab8cb4,66163eb0fc13ae0349ab90f3,66163d25fc13ae7da9ab9baf
66163f07fc13ae7f77ab8cb5,66163eabfc13ae0349ab8e19,66163d25fc13ae7da9ab9ab6
66163f07fc13ae7f77ab8cb6,66163eb1fc13ae0349ab9147,66163d26fc13ae7da9ab9ce1
66163f07fc13ae7f77ab8cb7,66163eadfc13ae0349ab8f29,66163d26fc13ae7da9ab9cd1
66163f07fc13ae7f77ab8cb8,66163eaefc13ae0349ab8fba,66163d25fc13ae7da9ab9ac6
66163f07fc13ae7f77ab8cb9,66163eb0fc13ae0349ab90c2,66163d25fc13ae7da9ab9a74
66163f07fc13ae7f77ab8cba,66163eaefc13ae0349ab8ff9,66163d26fc13ae7da9ab9c69
66163f07fc13ae7f77ab8cbb,66163eadfc13ae0349ab8f65,66163d25fc13ae7da9ab9af8
66163f07fc13ae7f77ab8cbc,66163eacfc13ae0349ab8ede,66163d25fc13ae7da9ab9aba
66163f07fc13ae7f77ab8cbd,66163eb0fc13ae0349ab90c6,66163d26fc13ae7da9ab9cfd
66163f07fc13ae7f77ab8cbe,66163eb1fc13ae0349ab916d,66163d25fc13ae7da9ab9b66
66163f07fc13ae7f77ab8cbf,66163eacfc13ae0349ab8e99,66163d26fc13ae7da9ab9d36
66163f07fc13ae7f77ab8cc0,66163eabfc13ae0349ab8e41,66163d26fc13ae7da9ab9da5
66163f07fc13ae7f77ab8cc1,66163eacfc13ae0349ab8ece,66163d25fc13ae7da9ab9a24
66163f07fc13ae7f77ab8cc2,66163eaffc13ae0349ab9054,66163d25fc13ae7da9ab9b5d
66163f07fc13ae7f77ab8cc3,66163eacfc13ae0349ab8edb,66163d26fc13ae7da9ab9c42
66163f07fc13ae7f77ab8cc4,66163eaffc13ae0349ab9059,66163d26fc13ae7da9ab9cf2
66163f07fc13ae7f77ab8cc5,66163eb0fc13ae0349ab90a7,66163d25fc13ae7da9ab9b68
66163f07fc13ae7f77ab8cc6,66163eacfc13ae0349ab8eb2,66163d25fc13ae7da9ab9a97
66163f07fc13ae7f77ab8cc7,66163eabfc13ae0349ab8e45,66163d25fc13ae7da9ab9b21
66163f07fc13ae7f77ab8cc8,66163eadfc13ae0349ab8f49,66163d26fc13ae7da9ab9c75
66163f07fc13ae7f77ab8cc9,66163eb1fc13ae0349ab9156,66163d25fc13ae7da9ab9a86
66163f07fc13ae7f77ab8cca,66163eb1fc13ae0349ab919c,66163d25fc13ae7da9ab9a64
66163f07fc13ae7f77ab8ccb,66163eb1fc13ae0349ab9145,66163d26fc13ae7da9ab9bd0
66163f07fc13ae7f77ab8ccc,66163eb0fc13ae0349ab9112,66163d25fc13ae7da9ab9b55
66163f07fc13ae7f77ab8ccd,66163eadfc13ae0349ab8f85,66163d26fc13ae7da9ab9ddf
66163f07fc13ae7f77ab8cce,66163eabfc13ae0349ab8dff,66163d25fc13ae7da9ab9a02
66163f07fc13ae7f77ab8ccf,66163eabfc13ae0349ab8e52,66163d25fc13ae7da9ab9b5d
66163f07fc13ae7f77ab8cd0,66163eb1fc13ae0349ab9192,66163d26fc13ae7da9ab9d68
66163f07fc13ae7f77ab8cd1,66163eaffc13ae0349ab9094,66163d25fc13ae7da9ab9b6a
66163f07fc13ae7f77ab8cd2,66163eaefc13ae0349ab8fce,66163d26fc13ae7da9ab9bd6
66163f07fc13ae7f77ab8cd3,66163eaefc13ae0349ab8fcf,66163d26fc13ae7da9ab9dbf
66163f07fc13ae7f77ab8cd4,66163eb0fc13ae0349ab90c8,66163d25fc13ae7da9ab9ac3
66163f07fc13ae7f77ab8cd5,66163eacfc13ae0349ab8ea1,66163d26fc13ae7da9ab9d97
66163f07fc13ae7f77ab8cd6,66163eaffc13ae0349ab904c,66163d26fc13ae7da9ab9db0
66163f07fc13ae7f77ab8cd7,66163eb1fc13ae0349ab918c,66163d26fc13ae7da9ab9c3f
66163f07fc13ae7f77ab8cd8,66163eb0fc13ae0349ab90fe,66163d26fc13ae7da9ab9c79
66163f07fc13ae7f77ab8cd9,66163eb0fc13ae0349ab90d4,66163d25fc13ae7da9ab9ac4
66163f07fc13ae7f77ab8cda,66163eacfc13ae0349ab8f01,66163d25fc13ae7da9ab9b92
66163f07fc13ae7f77ab8cdb,66163eacfc13ae0349ab8ec8,66163d26fc13ae7da9ab9d20
66163f07fc13ae7f77ab8cdc,66163eacfc13ae0349ab8e81,66163d25fc13ae7da9ab9ac7
66163f07fc13ae7f77ab8cdd,66163eabfc13ae0349ab8e22,66163d25fc13ae7da9ab9bc8
66163f07fc13ae7f77ab8cde,66163eadfc13ae0349ab8f6f,66163d25fc13ae7da9ab9a02
66163f07fc13ae7f77ab8cdf,66163eb0fc13ae0349ab90f0,66163d25fc13ae7da9ab9bbf
66163f07fc13ae7f77ab8ce0,66163eabfc13ae0349ab8e2e,66163d26fc13ae7da9ab9cf1
66163f07fc13ae7f77ab8ce1,66163eb1fc13ae0349ab9148,66163d26fc13ae7da9ab9ce6
66163f07fc13ae7f77ab8ce2,66163eaffc13ae0349ab9091,66163d26fc13ae7da9ab9bea
66163f07fc13ae7f77ab8ce3,66163eabfc13ae0349ab8e10,66163d26fc13ae7da9ab9d8d
66163f07fc13ae7f77ab8ce4,66163eadfc13ae0349ab8f30,66163d26fc13ae7da9ab9d2b
66163f07fc13ae7f77ab8ce5,66163eb1fc13ae0349ab91b1,66163d26fc13ae7da9ab9d6f
66163f07fc13ae7f77ab8ce6,66163eaffc13ae0349ab904e,66163d26fc13ae7da9ab9c7b
66163f07fc13ae7f77ab8ce7,66163eaffc13ae0349ab907f,66163d26fc13ae7da9ab9ddf
66163f07fc13ae7f77ab8ce8,66163eadfc13ae0349ab8f83,66163d26fc13ae7da9ab9c03
66163f07fc13ae7f77ab8ce9,66163eacfc13ae0349ab8efa,66163d26fc13ae7da9ab9d46
66163f07fc13ae7f77ab8cea,66163eaefc13ae0349ab8fde,66163d26fc13ae7da9ab9c96
66163f07fc13ae7f77ab8ceb,66163eb1fc13ae0349ab9187,66163d26fc13ae7da9ab9cf4
66163f07fc13ae7f77ab8cec,66163eaefc13ae0349ab8fa9,66163d26fc13ae7da9ab9dd3
66163f07fc13ae7f77ab8ced,66163eadfc13ae0349ab8f65,66163d25fc13ae7da9ab9b46
66163f07fc13ae7f77ab8cee,66163eb1fc13ae0349ab91b3,66163d25fc13ae7da9ab9b32
66163f07fc13ae7f77ab8cef,66163eb0fc13ae0349ab90e6,66163d25fc13ae7da9ab9a10
66163f07fc13ae7f77ab8cf0,66163eb1fc13ae0349ab91b8,66163d25fc13ae7da9ab9a4c
66163f07fc13ae7f77ab8cf1,66163eaffc13ae0349ab9075,66163d25fc13ae7da9ab9b06
66163f07fc13ae7f77ab8cf2,66163eb1fc13ae0349ab9185,66163d25fc13ae7da9ab9b85
66163f07fc13ae7f77ab8cf3,66163eadfc13ae0349ab8f82,66163d25fc13ae7da9ab9a3b
66163f07fc13ae7f77ab8cf4,66163eb0fc13ae0349ab9126,66163d26fc13ae7da9ab9dd2
66163f07fc13ae7f77ab8cf5,66163eaefc13ae0349ab8f9f,66163d26fc13ae7da9ab9bec
66163f07fc13ae7f77ab8cf6,66163eabfc13ae0349ab8e7f,66163d25fc13ae7da9ab9ae9
66163f07fc13ae7f77ab8cf7,66163eb1fc13ae0349ab915e,66163d26fc13ae7da9ab9c90
66163f07fc13ae7f77ab8cf8,66163eaefc13ae0349ab8f99,66163d26fc13ae7da9ab9d0e
66163f07fc13ae7f77ab8cf9,66163eb1fc13ae0349ab914d,66163d26fc13ae7da9ab9daf
66163f07fc13ae7f77ab8cfa,66163eb1fc13ae0349ab919f,66163d26fc13ae7da9ab9cb3
66163f07fc13ae7f77ab8cfb,66163eaffc13ae0349ab908f,66163d25fc13ae7da9ab9a54
66163f07fc13ae7f77ab8cfc,66163eadfc13ae0349ab8f95,66163d25fc13ae7da9ab9a7b
66163f07fc13ae7f77ab8cfd,66163eabfc13ae0349ab8e3f,66163d26fc13ae7da9ab9d89
66163f07fc13ae7f77ab8cfe,66163eb0fc13ae0349ab90e4,66163d26fc13ae7da9ab9c70
66163f07fc13ae7f77ab8cff,66163eacfc13ae0349ab8f09,66163d25fc13ae7da9ab9aaa
66163f07fc13ae7f77ab8d00,66163eb1fc13ae0349ab918d,66163d25fc13ae7da9ab9a39
66163f07fc13ae7f77ab8d01,66163eaffc13ae0349ab9064,66163d25fc13ae7da9ab9b08
66163f07fc13ae7f77ab8d02,66163eacfc13ae0349ab8e84,66163d26fc13ae7da9ab9ce8
66163f07fc13ae7f77ab8d03,66163eacfc13ae0349ab8e90,66163d25fc13ae7da9ab9b89
66163f07fc13ae7f77ab8d04,66163eacfc13ae0349ab8ea8,66163d26fc13ae7da9ab9c3e
66163f07fc13ae7f77ab8d05,66163eabfc13ae0349ab8e0e,66163d26fc13ae7da9ab9d3c
66163f07fc13ae7f77ab8d06,66163eb1fc13ae0349ab91be,66163d25fc13ae7da9ab9b83
66163f07fc13ae7f77ab8d07,66163eabfc13ae0349ab8e0e,66163d25fc13ae7da9ab9a86
66163f07fc13ae7f77ab8d08,66163eacfc13ae0349ab8eaf,66163d25fc13ae7da9ab9a32
66163f07fc13ae7f77ab8d09,66163eabfc13ae0349ab8e60,66163d26fc13ae7da9ab9bf2
66163f07fc13ae7f77ab8d0a,66163eb0fc13ae0349ab90f8,66163d26fc13ae7da9ab9be6
66163f07fc13ae7f77ab8d0b,66163eacfc13ae0349ab8eb7,66163d26fc13ae7da9ab9d9c
66163f07fc13ae7f77ab8d0c,66163eb0fc13ae0349ab90f6,66163d25fc13ae7da9ab9b0c
66163f07fc13ae7f77ab8d0d,66163eb0fc13ae0349ab90fd,66163d26fc13ae7da9ab9c93
66163f07fc13ae7f77ab8d0e,66163eaefc13ae0349ab9010,66163d26fc13ae7da9ab9ced
66163f07fc13ae7f77ab8d0f,66163eaffc13ae0349ab904c,66163d26fc13ae7da9ab9d31
66163f07fc13ae7f77ab8d10,66163eaffc13ae0349ab906b,66163d26fc13ae7da9ab9c9d
66163f07fc13ae7f77ab8d11,66163eadfc13ae0349ab8f2d,66163d25fc13ae7da9ab9af1
66163f07fc13ae7f77ab8d12,66163eaffc13ae0349ab907f,66163d26fc13ae7da9ab9ccc
66163f07fc13ae7f77ab8d13,66163eb0fc13ae0349ab9104,66163d25fc13ae7da9ab9a2f
66163f07fc13ae7f77ab8d14,66163eaefc13ae0349ab8fe4,66163d26fc13ae7da9ab9db2
66163f07fc13ae7f77ab8d15,66163eb0fc13ae0349ab90b6,66163d25fc13ae7da9ab9a03
66163f07fc13ae7f77ab8d16,66163eabfc13ae0349ab8e7f,66163d25fc13ae7da9ab9a9a
66163f07fc13ae7f77ab8d17,66163eadfc13ae0349ab8f33,66163d25fc13ae7da9ab9a84
66163f07fc13ae7f77ab8d18,66163eaffc13ae0349ab9055,66163d25fc13ae7da9ab9bad
66163f07fc13ae7f77ab8d19,66163eadfc13ae0349ab8f92,66163d26fc13ae7da9ab9cc1
66163f07fc13ae7f77ab8d1a,66163eaefc13ae0349ab9022,66163d25fc13ae7da9ab9a59
66163f07fc13ae7f77ab8d1b,66163eacfc13ae0349ab8e92,66163d26fc13ae7da9ab9c3f
66163f07fc13ae7f77ab8d1c,66163eaefc13ae0349ab8fea,66163d25fc13ae7da9ab9b9c
66163f07fc13ae7f77ab8d1d,66163eb0fc13ae0349ab911a,66163d25fc13ae7da9ab9a2d
66163f07fc13ae7f77ab8d1e,66163eb0fc13ae0349ab90de,66163d26fc13ae7da9ab9d0b
66163f07fc13ae7f77ab8d1f,66163eadfc13ae0349ab8f16,66163d25fc13ae7da9ab9b24
66163f07fc13ae7f77ab8d20,66163eaffc13ae0349ab9060,66163d26fc13ae7da9ab9d78
66163f07fc13ae7f77ab8d21,66163eacfc13ae0349ab8ee7,66163d26fc13ae7da9ab9d49
66163f07fc13ae7f77ab8d22,66163eb1fc13ae0349ab91ba,66163d25fc13ae7da9ab9a6e
66163f07fc13ae7f77ab8d23,66163eaffc13ae0349ab9090,66163d26fc13ae7da9ab9ce7
66163f07fc13ae7f77ab8d24,66163eaffc13ae0349ab903e,66163d25fc13ae7da9ab9a15
66163f07fc13ae7f77ab8d25,66163eaefc13ae0349ab9022,66163d26fc13ae7da9ab9d69
66163f07fc13ae7f77ab8d26,66163eb0fc13ae0349ab90f8,66163d26fc13ae7da9ab9d16
66163f07fc13ae7f77ab8d27,66163eabfc13ae0349ab8e29,66163d26fc13ae7da9ab9bd7
66163f07fc13ae7f77ab8d28,66163eadfc13ae0349ab8f76,66163d26fc13ae7da9ab9ca6
66163f07fc13ae7f77ab8d29,66163eaefc13ae0349ab8fec,66163d26fc13ae7da9ab9db4
66163f07fc13ae7f77ab8d2a,66163eadfc13ae0349ab8f79,66163d26fc13ae7da9ab9cd0
66163f07fc13ae7f77ab8d2b,66163eadfc13ae0349ab8f75,66163d25fc13ae7da9ab9a2f
66163f07fc13ae7f77ab8d2c,66163eacfc13ae0349ab8ed7,66163d25fc13ae7da9ab9a99
66163f07fc13ae7f77ab8d2d,66163eb1fc13ae0349ab91c0,66163d26fc13ae7da9ab9d0e
66163f07fc13ae7f77ab8d2e,66163eaefc13ae0349ab8fc8,66163d26fc13ae7da9ab9d40
66163f07fc13ae7f77ab8d2f,66163eb0fc13ae0349ab911f,66163d26fc13ae7da9ab9d28
66163f07fc13ae7f77ab8d30,66163eabfc13ae0349ab8e08,66163d26fc13ae7da9ab9d1a
66163f07fc13ae7f77ab8d31,66163eaffc13ae0349ab90a3,66163d25fc13ae7da9ab9abf
66163f07fc13ae7f77ab8d32,66163eadfc13ae0349ab8f50,66163d25fc13ae7da9ab9bb3
66163f07fc13ae7f77ab8d33,66163eabfc13ae0349ab8e0c,66163d26fc13ae7da9ab9d3a
66163f07fc13ae7f77ab8d34,66163eaefc13ae0349ab8fad,66163d26fc13ae7da9ab9c43
66163f07fc13ae7f77ab8d35,66163eb0fc13ae0349ab90d5,66163d26fc13ae7da9ab9c28
66163f07fc13ae7f77ab8d36,66163eaefc13ae0349ab9003,66163d26fc13ae7da9ab9c15
66163f07fc13ae7f77ab8d37,66163eb1fc13ae0349ab9163,66163d26fc13ae7da9ab9db6
66163f07fc13ae7f77ab8d38,66163eb0fc13ae0349ab9120,66163d26fc13ae7da9ab9d66
66163f07fc13ae7f77ab8d39,66163eb0fc13ae0349ab9138,66163d26fc13ae7da9ab9d37
66163f07fc13ae7f77ab8d3a,66163eabfc13ae0349ab8e78,66163d26fc13ae7da9ab9d3a
66163f07fc13ae7f77ab8d3b,66163eacfc13ae0349ab8f03,66163d26fc13ae7da9ab9dd4
66163f07fc13ae7f77ab8d3c,66163eacfc13ae0349ab8eca,66163d25fc13ae7da9ab9bbb
66163f07fc13ae7f77ab8d3d,66163eacfc13ae0349ab8eb5,66163d26fc13ae7da9ab9daa
66163f07fc13ae7f77ab8d3e,66163eaffc13ae0349ab9035,66163d26fc13ae7da9ab9cf7
66163f07fc13ae7f77ab8d3f,66163eacfc13ae0349ab8eb7,66163d25fc13ae7da9ab9b1e
66163f07fc13ae7f77ab8d40,66163eabfc13ae0349ab8e68,66163d25fc13ae7da9ab9b33
66163f07fc13ae7f77ab8d41,66163eaefc13ae0349ab8fd0,66163d26fc13ae7da9ab9c55
66163f07fc13ae7f77ab8d42,66163eacfc13ae0349ab8eda,66163d25fc13ae7da9ab9a0a
66163f07fc13ae7f77ab8d43,66163eaefc13ae0349ab8ff4,66163d26fc13ae7da9ab9c11
66163f07fc13ae7f77ab8d44,66163eaffc13ae0349ab9046,66163d25fc13ae7da9ab9a7b
66163f07fc13ae7f77ab8d45,66163eaefc13ae0349ab8fe5,66163d25fc13ae7da9ab9b35
66163f07fc13ae7f77ab8d46,66163eabfc13ae0349ab8e1e,66163d25fc13ae7da9ab9a86
66163f07fc13ae7f77ab8d47,66163eadfc13ae0349ab8f1a,66163d25fc13ae7da9ab9a91
66163f07fc13ae7f77ab8d48,66163eb0fc13ae0349ab9102,66163d26fc13ae7da9ab9c9c
66163f07fc13ae7f77ab8d49,66163eb0fc13ae0349ab90b3,66163d25fc13ae7da9ab9b39
66163f07fc13ae7f77ab8d4a,66163eabfc13ae0349ab8e2e,66163d26fc13ae7da9ab9cfe
66163f07fc13ae7f77ab8d4b,66163eaefc13ae0349ab8faf,66163d25fc13ae7da9ab9ae2
66163f07fc13ae7f77ab8d4c,66163eacfc13ae0349ab8ea1,66163d25fc13ae7da9ab9b18
66163f07fc13ae7f77ab8d4d,66163eb0fc13ae0349ab9123,66163d26fc13ae7da9ab9c98
66163f07fc13ae7f77ab8d4e,66163eacfc13ae0349ab8ec2,66163d25fc13ae7da9ab9bc8
66163f07fc13ae7f77ab8d4f,66163eaefc13ae0349ab900a,66163d25fc13ae7da9ab9bc3
66163f07fc13ae7f77ab8d50,66163eadfc13ae0349ab8f81,66163d26fc13ae7da9ab9ddc
66163f07fc13ae7f77ab8d51,66163eb0fc13ae0349ab90f9,66163d25fc13ae7da9ab9b3a
66163f07fc13ae7f77ab8d52,66163eb1fc13ae0349ab9147,66163d26fc13ae7da9ab9ddb
66163f07fc13ae7f77ab8d53,66163eb1fc13ae0349ab91a2,66163d26fc13ae7da9ab9cec
66163f07fc13ae7f77ab8d54,66163eadfc13ae0349ab8f86,66163d25fc13ae7da9ab9b29
66163f07fc13ae7f77ab8d55,66163eadfc13ae0349ab8f61,66163d25fc13ae7da9ab9b90
66163f07fc13ae7f77ab8d56,66163eacfc13ae0349ab8f0d,66163d26fc13ae7da9ab9c31
66163f07fc13ae7f77ab8d57,66163eabfc13ae0349ab8e2f,66163d25fc13ae7da9ab9a61
66163f07fc13ae7f77ab8d58,66163eacfc13ae0349ab8eb9,66163d25fc13ae7da9ab9a6a
66163f07fc13ae7f77ab8d59,66163eb1fc13ae0349ab9197,66163d25fc13ae7da9ab9a19
66163f07fc13ae7f77ab8d5a,66163eb1fc13ae0349ab9164,66163d26fc13ae7da9ab9c3c
66163f07fc13ae7f77ab8d5b,66163eb0fc13ae0349ab90db,66163d25fc13ae7da9ab9a55
66163f07fc13ae7f77ab8d5c,66163eaffc13ae0349ab9091,66163d26fc13ae7da9ab9ca0
66163f07fc13ae7f77ab8d5d,66163eacfc13ae0349ab8efe,66163d26fc13ae7da9ab9c0b
66163f07fc13ae7f77ab8d5e,66163eadfc13ae0349ab8f4d,66163d26fc13ae7da9ab9cd2
66163f07fc13ae7f77ab8d5f,66163eadfc13ae0349ab8f38,66163d25fc13ae7da9ab9b1d
66163f07fc13ae7f77ab8d60,66163eb0fc13ae0349ab90df,66163d26fc13ae7da9ab9cb5
66163f07fc13ae7f77ab8d61,66163eaffc13ae0349ab902d,66163d25fc13ae7da9ab9a2c
66163f07fc13ae7f77ab8d62,66163eadfc13ae0349ab8f8f,66163d26fc13ae7da9ab9d02
66163f07fc13ae7f77ab8d63,66163eaafc13ae0349ab8dec,66163d26fc13ae7da9ab9c58
66163f07fc13ae7f77ab8d64,66163eacfc13ae0349ab8e8a,66163d25fc13ae7da9ab9b16
66163f07fc13ae7f77ab8d65,66163eacfc13ae0349ab8f0c,66163d26fc13ae7da9ab9dc2
66163f07fc13ae7f77ab8d66,66163eadfc13ae0349ab8f3d,66163d26fc13ae7da9ab9d5e
66163f07fc13ae7f77ab8d67,66163eb0fc13ae0349ab9138,66163d25fc13ae7da9ab9ae1
66163f07fc13ae7f77ab8d68,66163eabfc13ae0349ab8e77,66163d25fc13ae7da9ab9a59
66163f07fc13ae7f77ab8d69,66163eb0fc13ae0349ab90ca,66163d26fc13ae7da9ab9c4f
66163f07fc13ae7f77ab8d6a,66163eaefc13ae0349ab9021,66163d25fc13ae7da9ab9ad1
66163f07fc13ae7f77ab8d6b,66163eabfc13ae0349ab8dfd,66163d26fc13ae7da9ab9c68
66163f07fc13ae7f77ab8d6c,66163eabfc13ae0349ab8e09,66163d26fc13ae7da9ab9ce2
66163f07fc13ae7f77ab8d6d,66163eacfc13ae0349ab8e97,66163d25fc13ae7da9ab9a31
66163f07fc13ae7f77ab8d6e,66163eabfc13ae0349ab8e73,66163d26fc13ae7da9ab9c30
66163f07fc13ae7f77ab8d6f,66163eacfc13ae0349ab8eb9,66163d26fc13ae7da9ab9c2a
66163f07fc13ae7f77ab8d70,66163eaefc13ae0349ab8f99,66163d26fc13ae7da9ab9c7d
66163f07fc13ae7f77ab8d71,66163eb0fc13ae0349ab90c3,66163d25fc13ae7da9ab9ac4
66163f07fc13ae7f77ab8d72,66163eaffc13ae0349ab9087,66163d26fc13ae7da9ab9cf7
66163f07fc13ae7f77ab8d73,66163eaffc13ae0349ab9075,66163d25fc13ae7da9ab9b4d
66163f07fc13ae7f77ab8d74,66163eacfc13ae0349ab8ecc,66163d26fc13ae7da9ab9c13
66163f07fc13ae7f77ab8d75,66163eabfc13ae0349ab8e2a,66163d25fc13ae7da9ab9abd
66163f07fc13ae7f77ab8d76,66163eb1fc13ae0349ab915f,66163d25fc13ae7da9ab9a3d
66163f07fc13ae7f77ab8d77,66163eaefc13ae0349ab8fa7,66163d25fc13ae7da9ab9af0
66163f07fc13ae7f77ab8d78,66163eacfc13ae0349ab8ed0,66163d26fc13ae7da9ab9c22
66163f07fc13ae7f77ab8d79,66163eb0fc13ae0349ab910b,66163d25fc13ae7da9ab9af6
66163f07fc13ae7f77ab8d7a,66163eadfc13ae0349ab8f84,66163d26fc13ae7da9ab9d3c
66163f07fc13ae7f77ab8d7b,66163eabfc13ae0349ab8e47,66163d26fc13ae7da9ab9cb3
66163f07fc13ae7f77ab8d7c,66163eabfc13ae0349ab8e15,66163d26fc13ae7da9ab9d96
66163f07fc13ae7f77ab8d7d,66163eaafc13ae0349ab8ddd,66163d26fc13ae7da9ab9d56
66163f07fc13ae7f77ab8d7e,66163eb0fc13ae0349ab90c3,66163d25fc13ae7da9ab9ab9
66163f07fc13ae7f77ab8d7f,66163eacfc13ae0349ab8efe,66163d26fc13ae7da9ab9cfe
66163f07fc13ae7f77ab8d80,66163eadfc13ae0349ab8f94,66163d26fc13ae7da9ab9d1f
66163f07fc13ae7f77ab8d81,66163eabfc13ae0349ab8e29,66163d26fc13ae7da9ab9c10
66163f07fc13ae7f77ab8d82,66163eacfc13ae0349ab8ec3,66163d25fc13ae7da9ab9b47
66163f07fc13ae7f77ab8d83,66163eaffc13ae0349ab907f,66163d26fc13ae7da9ab9d31
66163f07fc13ae7f77ab8d84,66163eb0fc13ae0349ab912e,66163d25fc13ae7da9ab9a9f
66163f07fc13ae7f77ab8d85,66163eb1fc13ae0349ab9171,66163d25fc13ae7da9ab9a60
66163f07fc13ae7f77ab8d86,66163eacfc13ae0349ab8ede,66163d25fc13ae7da9ab9aea
66163f07fc13ae7f77ab8d87,66163eaefc13ae0349ab8fbe,66163d26fc13ae7da9ab9ce1
66163f07fc13ae7f77ab8d88,66163eadfc13ae0349ab8f68,66163d26fc13ae7da9ab9d46
66163f07fc13ae7f77ab8d89,66163eb0fc13ae0349ab90fe,66163d25fc13ae7da9ab9aa5
66163f07fc13ae7f77ab8d8a,66163eacfc13ae0349ab8ee7,66163d26fc13ae7da9ab9be5
66163f07fc13ae7f77ab8d8b,66163eb1fc13ae0349ab918f,66163d25fc13ae7da9ab9b54
66163f07fc13ae7f77ab8d8c,66163eaefc13ae0349ab901a,66163d25fc13ae7da9ab9b3d
66163f07fc13ae7f77ab8d8d,66163eacfc13ae0349ab8ef6,66163d26fc13ae7da9ab9d79
66163f07fc13ae7f77ab8d8e,66163eabfc13ae0349ab8e1e,66163d25fc13ae7da9ab9a1a
66163f07fc13ae7f77ab8d8f,66163eaefc13ae0349ab8fcd,66163d25fc13ae7da9ab9b62
66163f07fc13ae7f77ab8d90,66163eaffc13ae0349ab9068,66163d26fc13ae7da9ab9c0b
66163f07fc13ae7f77ab8d91,66163eacfc13ae0349ab8ed7,66163d25fc13ae7da9ab9b79
66163f07fc13ae7f77ab8d92,66163eb0fc13ae0349ab911e,66163d25fc13ae7da9ab9b68
66163f07fc13ae7f77ab8d93,66163eadfc13ae0349ab8f74,66163d26fc13ae7da9ab9cfa
66163f07fc13ae7f77ab8d94,66163eabfc13ae0349ab8df3,66163d25fc13ae7da9ab9ae8
66163f07fc13ae7f77ab8d95,66163eaffc13ae0349ab909c,66163d26fc13ae7da9ab9dbe
66163f07fc13ae7f77ab8d96,66163eb1fc13ae0349ab91b2,66163d26fc13ae7da9ab9c17
66163f07fc13ae7f77ab8d97,66163eb0fc13ae0349ab912a,66163d26fc13ae7da9ab9d03
66163f07fc13ae7f77ab8d98,66163eb1fc13ae0349ab91b2,66163d25fc13ae7da9ab9b97
66163f07fc13ae7f77ab8d99,66163eadfc13ae0349ab8f5c,66163d26fc13ae7da9ab9c12
66163f07fc13ae7f77ab8d9a,66163eaefc13ae0349ab8fa6,66163d25fc13ae7da9ab9bc0
66163f07fc13ae7f77ab8d9b,66163eaefc13ae0349ab8fed,66163d25fc13ae7da9ab9adb
66163f07fc13ae7f77ab8d9c,66163eaffc13ae0349ab9048,66163d25fc13ae7da9ab9a79
66163f07fc13ae7f77ab8d9d,66163eacfc13ae0349ab8ee4,66163d26fc13ae7da9ab9d39
66163f07fc13ae7f77ab8d9e,66163eaffc13ae0349ab9029,66163d25fc13ae7da9ab9a6b
66163f07fc13ae7f77ab8d9f,66163eb1fc13ae0349ab9194,66163d26fc13ae7da9ab9cb2
66163f07fc13ae7f77ab8da0,66163eacfc13ae0349ab8ee7,66163d25fc13ae7da9ab9aa6
66163f07fc13ae7f77ab8da1,66163eadfc13ae0349ab8f2c,66163d26fc13ae7da9ab9d14
66163f07fc13ae7f77ab8da2,66163eabfc13ae0349ab8e24,66163d25fc13ae7da9ab9a91
66163f07fc13ae7f77ab8da3,66163eacfc13ae0349ab8ebd,66163d25fc13ae7da9ab9b25
66163f07fc13ae7f77ab8da4,66163eacfc13ae0349ab8e83,66163d26fc13ae7da9ab9d6d
66163f07fc13ae7f77ab8da5,66163eacfc13ae0349ab8e92,66163d25fc13ae7da9ab9a7d
66163f07fc13ae7f77ab8da6,66163eb0fc13ae0349ab90bc,66163d26fc13ae7da9ab9c2e
66163f07fc13ae7f77ab8da7,66163eadfc13ae0349ab8f69,66163d26fc13ae7da9ab9ddd
66163f07fc13ae7f77ab8da8,66163eb1fc13ae0349ab915e,66163d26fc13ae7da9ab9c3b
66163f07fc13ae7f77ab8da9,66163eaffc13ae0349ab9059,66163d25fc13ae7da9ab9a55
66163f07fc13ae7f77ab8daa,66163eaafc13ae0349ab8dde,66163d26fc13ae7da9ab9d3f
66163f07fc13ae7f77ab8dab,66163eacfc13ae0349ab8eb7,66163d25fc13ae7da9ab9b70
66163f07fc13ae7f77ab8dac,66163eaefc13ae0349ab9018,66163d25fc13ae7da9ab9a5b
66163f07fc13ae7f77ab8dad,66163eb1fc13ae0349ab915b,66163d26fc13ae7da9ab9dae
66163f07fc13ae7f77ab8dae,66163eaafc13ae0349ab8df1,66163d26fc13ae7da9ab9c2f
66163f07fc13ae7f77ab8daf,66163eaefc13ae0349ab8fcb,66163d26fc13ae7da9ab9c2d
66163f07fc13ae7f77ab8db0,66163eadfc13ae0349ab8f3b,66163d25fc13ae7da9ab9bc1
66163f07fc13ae7f77ab8db1,66163eaffc13ae0349ab903f,66163d25fc13ae7da9ab9b8d
66163f07fc13ae7f77ab8db2,66163eadfc13ae0349ab8f4c,66163d25fc13ae7da9ab9ab3
66163f07fc13ae7f77ab8db3,66163eabfc13ae0349ab8e2c,66163d26fc13ae7da9ab9c07
66163f07fc13ae7f77ab8db4,66163eacfc13ae0349ab8ef0,66163d25fc13ae7da9ab9ab8
66163f07fc13ae7f77ab8db5,66163eaffc13ae0349ab9036,66163d26fc13ae7da9ab9be8
66163f07fc13ae7f77ab8db6,66163eaffc13ae0349ab9061,66163d25fc13ae7da9ab9b59
66163f07fc13ae7f77ab8db7,66163eb1fc13ae0349ab9165,66163d25fc13ae7da9ab9b17
66163f07fc13ae7f77ab8db8,66163eacfc13ae0349ab8ec1,66163d26fc13ae7da9ab9d3e
66163f07fc13ae7f77ab8db9,66163eaefc13ae0349ab8fdc,66163d26fc13ae7da9ab9cbb
66163f07fc13ae7f77ab8dba,66163eb1fc13ae0349ab91c1,66163d25fc13ae7da9ab9b1d
66163f07fc13ae7f77ab8dbb,66163eb1fc13ae0349ab915d,66163d25fc13ae7da9ab9a5e
66163f07fc13ae7f77ab8dbc,66163eadfc13ae0349ab8f79,66163d26fc13ae7da9ab9cbe
66163f07fc13ae7f77ab8dbd,66163eb0fc13ae0349ab911d,66163d25fc13ae7da9ab9a28
66163f07fc13ae7f77ab8dbe,66163eacfc13ae0349ab8ea9,66163d25fc13ae7da9ab9aad
66163f07fc13ae7f77ab8dbf,66163eb0fc13ae0349ab912d,66163d26fc13ae7da9ab9dcd
66163f07fc13ae7f77ab8dc0,66163eacfc13ae0349ab8ee0,66163d26fc13ae7da9ab9d31
66163f07fc13ae7f77ab8dc1,66163eb1fc13ae0349ab9194,66163d26fc13ae7da9ab9c91
66163f07fc13ae7f77ab8dc2,66163eaffc13ae0349ab9099,66163d26fc13ae7da9ab9c6f
66163f07fc13ae7f77ab8dc3,66163eb0fc13ae0349ab90e4,66163d25fc13ae7da9ab9a87
66163f07fc13ae7f77ab8dc4,66163eabfc13ae0349ab8e30,66163d26fc13ae7da9ab9c40
66163f07fc13ae7f77ab8dc5,66163eadfc13ae0349ab8f6c,66163d25fc13ae7da9ab9bcd
66163f07fc13ae7f77ab8dc6,66163eabfc13ae0349ab8e51,66163d25fc13ae7da9ab9b5d
66163f07fc13ae7f77ab8dc7,66163eb0fc13ae0349ab90ed,66163d25fc13ae7da9ab9b33
66163f07fc13ae7f77ab8dc8,66163eaefc13ae0349ab8f98,66163d26fc13ae7da9ab9bdc
66163f07fc13ae7f77ab8dc9,66163eb0fc13ae0349ab90f8,66163d25fc13ae7da9ab9b78
66163f07fc13ae7f77ab8dca,66163eacfc13ae0349ab8f08,66163d25fc13ae7da9ab9a3d
66163f07fc13ae7f77ab8dcb,66163eaffc13ae0349ab9098,66163d26fc13ae7da9ab9c31
66163f07fc13ae7f77ab8dcc,66163eadfc13ae0349ab8f53,66163d25fc13ae7da9ab9ab7
66163f07fc13ae7f77ab8dcd,66163eabfc13ae0349ab8e67,66163d26fc13ae7da9ab9d64
66163f07fc13ae7f77ab8dce,66163eaffc13ae0349ab9024,66163d25fc13ae7da9ab9ad6
66163f07fc13ae7f77ab8dcf,66163eaafc13ae0349ab8de5,66163d25fc13ae7da9ab9b3e
66163f07fc13ae7f77ab8dd0,66163eb1fc13ae0349ab9150,66163d25fc13ae7da9ab9b7a
66163f07fc13ae7f77ab8dd1,66163eaffc13ae0349ab9042,66163d25fc13ae7da9ab9b37
66163f07fc13ae7f77ab8dd2,66163eadfc13ae0349ab8f17,66163d25fc13ae7da9ab9a4e
66163f07fc13ae7f77ab8dd3,66163eaffc13ae0349ab9060,66163d25fc13ae7da9ab9a73
66163f07fc13ae7f77ab8dd4,66163eaffc13ae0349ab908f,66163d25fc13ae7da9ab9ae7
66163f07fc13ae7f77ab8dd5,66163eaffc13ae0349ab908e,66163d26fc13ae7da9ab9d1c
66163f07fc13ae7f77ab8dd6,66163eacfc13ae0349ab8e86,66163d26fc13ae7da9ab9d2c
66163f07fc13ae7f77ab8dd7,66163eacfc13ae0349ab8eb0,66163d26fc13ae7da9ab9c6e
66163f07fc13ae7f77ab8dd8,66163eacfc13ae0349ab8ed1,66163d26fc13ae7da9ab9cd9
66163f07fc13ae7f77ab8dd9,66163eb1fc13ae0349ab9195,66163d26fc13ae7da9ab9d4e
66163f07fc13ae7f77ab8dda,66163eadfc13ae0349ab8f79,66163d25fc13ae7da9ab9afc
66163f07fc13ae7f77ab8ddb,66163eb0fc13ae0349ab90f2,66163d25fc13ae7da9ab9ad2
66163f07fc13ae7f77ab8ddc,66163eabfc13ae0349ab8e0e,66163d25fc13ae7da9ab9ba4
66163f07fc13ae7f77ab8ddd,66163eb0fc13ae0349ab90cc,66163d25fc13ae7da9ab9b53
66163f07fc13ae7f77ab8dde,66163eabfc13ae0349ab8e0c,66163d26fc13ae7da9ab9ce9
66163f07fc13ae7f77ab8ddf,66163eabfc13ae0349ab8e50,66163d26fc13ae7da9ab9ced
66163f07fc13ae7f77ab8de0,66163eb0fc13ae0349ab90db,66163d26fc13ae7da9ab9d6d
66163f07fc13ae7f77ab8de1,66163eb0fc13ae0349ab90fd,66163d26fc13ae7da9ab9d0b
66163f07fc13ae7f77ab8de2,66163eb0fc13ae0349ab910d,66163d26fc13ae7da9ab9d7e
66163f07fc13ae7f77ab8de3,66163eaefc13ae0349ab8f96,66163d25fc13ae7da9ab9bb5
66163f07fc13ae7f77ab8de4,66163eadfc13ae0349ab8f82,66163d25fc13ae7da9ab9abb
66163f07fc13ae7f77ab8de5,66163eaefc13ae0349ab8fe7,66163d26fc13ae7da9ab9d39
66163f07fc13ae7f77ab8de6,66163eb1fc13ae0349ab91b8,66163d25fc13ae7da9ab9a77
66163f07fc13ae7f77ab8de7,66163eadfc13ae0349ab8f3d,66163d25fc13ae7da9ab9b98
66163f07fc13ae7f77ab8de8,66163eacfc13ae0349ab8e9d,66163d26fc13ae7da9ab9d07
66163f07fc13ae7f77ab8de9,66163eacfc13ae0349ab8e84,66163d25fc13ae7da9ab9b3d
66163f07fc13ae7f77ab8dea,66163eaafc13ae0349ab8dee,66163d25fc13ae7da9ab9b6e
66163f08fc13ae7f77ab8deb,66163eaefc13ae0349ab8ff0,66163d25fc13ae7da9ab9a3c
66163f08fc13ae7f77ab8dec,66163eadfc13ae0349ab8f51,66163d26fc13ae7da9ab9d2e
66163f08fc13ae7f77ab8ded,66163eb1fc13ae0349ab9173,66163d26fc13ae7da9ab9d9b
66163f08fc13ae7f77ab8dee,66163eb0fc13ae0349ab9127,66163d26fc13ae7da9ab9d7e
66163f08fc13ae7f77ab8def,66163eacfc13ae0349ab8eb8,66163d26fc13ae7da9ab9d12
66163f08fc13ae7f77ab8df0,66163eacfc13ae0349ab8eb5,66163d26fc13ae7da9ab9ce6
66163f08fc13ae7f77ab8df1,66163eadfc13ae0349ab8f76,66163d26fc13ae7da9ab9dc4
66163f08fc13ae7f77ab8df2,66163eaffc13ae0349ab906a,66163d26fc13ae7da9ab9ca6
66163f08fc13ae7f77ab8df3,66163eaefc13ae0349ab9018,66163d25fc13ae7da9ab9b53
66163f08fc13ae7f77ab8df4,66163eabfc13ae0349ab8e6d,66163d26fc13ae7da9ab9c1b
66163f08fc13ae7f77ab8df5,66163eb0fc13ae0349ab90ad,66163d25fc13ae7da9ab9b06
66163f08fc13ae7f77ab8df6,66163eb1fc13ae0349ab9187,66163d25fc13ae7da9ab9b56
66163f08fc13ae7f77ab8df7,66163eb1fc13ae0349ab9147,66163d26fc13ae7da9ab9bed
66163f08fc13ae7f77ab8df8,66163eabfc13ae0349ab8e4d,66163d26fc13ae7da9ab9cb3
66163f08fc13ae7f77ab8df9,66163eb0fc13ae0349ab90cf,66163d25fc13ae7da9ab9b94
66163f08fc13ae7f77ab8dfa,66163eabfc13ae0349ab8e60,66163d25fc13ae7da9ab9a29
66163f08fc13ae7f77ab8dfb,66163eabfc13ae0349ab8e26,66163d26fc13ae7da9ab9c8b
66163f08fc13ae7f77ab8dfc,66163eacfc13ae0349ab8ef0,66163d26fc13ae7da9ab9c17
66163f08fc13ae7f77ab8dfd,66163eadfc13ae0349ab8f83,66163d25fc13ae7da9ab9a23
66163f08fc13ae7f77ab8dfe,66163eadfc13ae0349ab8f71,66163d25fc13ae7da9ab9ba8
66163f08fc13ae7f77ab8dff,66163eadfc13ae0349ab8f28,66163d26fc13ae7da9ab9c53
66163f08fc13ae7f77ab8e00,66163eadfc13ae0349ab8f85,66163d26fc13ae7da9ab9d86
66163f08fc13ae7f77ab8e01,66163eb0fc13ae0349ab9105,66163d26fc13ae7da9ab9d0b
66163f08fc13ae7f77ab8e02,66163eb1fc13ae0349ab9153,66163d25fc13ae7da9ab9ac2
66163f08fc13ae7f77ab8e03,66163eadfc13ae0349ab8f27,66163d26fc13ae7da9ab9cd8
66163f08fc13ae7f77ab8e04,66163eacfc13ae0349ab8ec6,66163d25fc13ae7da9ab9bce
66163f08fc13ae7f77ab8e05,66163eadfc13ae0349ab8f13,66163d26fc13ae7da9ab9db1
66163f08fc13ae7f77ab8e06,66163eb1fc13ae0349ab91a6,66163d26fc13ae7da9ab9bff
66163f08fc13ae7f77ab8e07,66163eabfc13ae0349ab8e26,66163d25fc13ae7da9ab9ba5
66163f08fc13ae7f77ab8e08,66163eaefc13ae0349ab9019,66163d26fc13ae7da9ab9da6
66163f08fc13ae7f77ab8e09,66163eb1fc13ae0349ab91a9,66163d26fc13ae7da9ab9d72
66163f08fc13ae7f77ab8e0a,66163eacfc13ae0349ab8e8a,66163d26fc13ae7da9ab9bf5
66163f08fc13ae7f77ab8e0b,66163eaffc13ae0349ab909f,66163d25fc13ae7da9ab9b67
66163f08fc13ae7f77ab8e0c,66163eb0fc13ae0349ab913a,66163d25fc13ae7da9ab9b19
66163f08fc13ae7f77ab8e0d,66163eaffc13ae0349ab9079,66163d26fc13ae7da9ab9c5c
66163f08fc13ae7f77ab8e0e,66163eaffc13ae0349ab9076,66163d26fc13ae7da9ab9cfd
66163f08fc13ae7f77ab8e0f,66163eabfc13ae0349ab8e00,66163d25fc13ae7da9ab9b2d
66163f08fc13ae7f77ab8e10,66163eaefc13ae0349ab9015,66163d25fc13ae7da9ab99f9
66163f08fc13ae7f77ab8e11,66163eb1fc13ae0349ab917e,66163d25fc13ae7da9ab9af2
66163f08fc13ae7f77ab8e12,66163eabfc13ae0349ab8e4b,66163d25fc13ae7da9ab9bad
66163f08fc13ae7f77ab8e13,66163eaffc13ae0349ab9083,66163d26fc13ae7da9ab9d9e
66163f08fc13ae7f77ab8e14,66163eb0fc13ae0349ab9108,66163d25fc13ae7da9ab9b0c
66163f08fc13ae7f77ab8e15,66163eabfc13ae0349ab8e32,66163d26fc13ae7da9ab9cf4
66163f08fc13ae7f77ab8e16,66163eadfc13ae0349ab8f3b,66163d25fc13ae7da9ab9a18
66163f08fc13ae7f77ab8e17,66163eabfc13ae0349ab8e71,66163d25fc13ae7da9ab9bb9
66163f08fc13ae7f77ab8e18,66163eaffc13ae0349ab904c,66163d25fc13ae7da9ab9a2b
66163f08fc13ae7f77ab8e19,66163eaffc13ae0349ab9090,66163d26fc13ae7da9ab9cfb
66163f08fc13ae7f77ab8e1a,66163eabfc13ae0349ab8e15,66163d25fc13ae7da9ab9b77
66163f08fc13ae7f77ab8e1b,66163eaffc13ae0349ab907a,66163d26fc13ae7da9ab9ca5
66163f08fc13ae7f77ab8e1c,66163eb1fc13ae0349ab91c4,66163d26fc13ae7da9ab9c4f
66163f08fc13ae7f77ab8e1d,66163eb1fc13ae0349ab918b,66163d25fc13ae7da9ab9a13
66163f08fc13ae7f77ab8e1e,66163eaefc13ae0349ab8fed,66163d25fc13ae7da9ab9a39
66163f08fc13ae7f77ab8e1f,66163eadfc13ae0349ab8f71,66163d26fc13ae7da9ab9cd3
66163f08fc13ae7f77ab8e20,66163eacfc13ae0349ab8edb,66163d26fc13ae7da9ab9bf6
66163f08fc13ae7f77ab8e21,66163eb0fc13ae0349ab9118,66163d26fc13ae7da9ab9cde
66163f08fc13ae7f77ab8e22,66163eb1fc13ae0349ab914e,66163d26fc13ae7da9ab9be5
66163f08fc13ae7f77ab8e23,66163eaefc13ae0349ab900e,66163d25fc13ae7da9ab9b97
66163f08fc13ae7f77ab8e24,66163eaffc13ae0349ab9053,66163d25fc13ae7da9ab9a56
66163f08fc13ae7f77ab8e25,66163eacfc13ae0349ab8ee8,66163d25fc13ae7da9ab9b83
66163f08fc13ae7f77ab8e26,66163eabfc13ae0349ab8e24,66163d26fc13ae7da9ab9cfb
66163f08fc13ae7f77ab8e27,66163eb0fc13ae0349ab913d,66163d25fc13ae7da9ab9b74
66163f08fc13ae7f77ab8e28,66163eacfc13ae0349ab8f0f,66163d26fc13ae7da9ab9c5b
66163f08fc13ae7f77ab8e29,66163eaffc13ae0349ab9071,66163d25fc13ae7da9ab9bb3
66163f08fc13ae7f77ab8e2a,66163eaefc13ae0349ab8fb9,66163d26fc13ae7da9ab9dc8
66163f08fc13ae7f77ab8e2b,66163eadfc13ae0349ab8f40,66163d25fc13ae7da9ab9a95
66163f08fc13ae7f77ab8e2c,66163eaefc13ae0349ab9001,66163d25fc13ae7da9ab9b8e
66163f08fc13ae7f77ab8e2d,66163eacfc13ae0349ab8e82,66163d26fc13ae7da9ab9c10
66163f08fc13ae7f77ab8e2e,66163eb0fc13ae0349ab90f5,66163d26fc13ae7da9ab9d7b
66163f08fc13ae7f77ab8e2f,66163eaffc13ae0349ab907e,66163d26fc13ae7da9ab9be3
66163f08fc13ae7f77ab8e30,66163eb0fc13ae0349ab90bc,66163d26fc13ae7da9ab9d9e
66163f08fc13ae7f77ab8e31,66163eb1fc13ae0349ab91bd,66163d26fc13ae7da9ab9c60
66163f08fc13ae7f77ab8e32,66163eb0fc13ae0349ab90b0,66163d26fc13ae7da9ab9dc0
66163f08fc13ae7f77ab8e33,66163eb0fc13ae0349ab9129,66163d25fc13ae7da9ab99fb
66163f08fc13ae7f77ab8e34,66163eb1fc13ae0349ab91ba,66163d25fc13ae7da9ab99fd
66163f08fc13ae7f77ab8e35,66163eb0fc13ae0349ab90e3,66163d26fc13ae7da9ab9c2f
66163f08fc13ae7f77ab8e36,66163eb0fc13ae0349ab9109,66163d25fc13ae7da9ab9b5a
66163f08fc13ae7f77ab8e37,66163eb0fc13ae0349ab90d9,66163d26fc13ae7da9ab9bd9
66163f08fc13ae7f77ab8e38,66163eaffc13ae0349ab90a6,66163d26fc13ae7da9ab9c96
66163f08fc13ae7f77ab8e39,66163eb0fc13ae0349ab90e4,66163d26fc13ae7da9ab9d2b
66163f08fc13ae7f77ab8e3a,66163eaefc13ae0349ab8fd5,66163d25fc13ae7da9ab9a7b
66163f08fc13ae7f77ab8e3b,66163eadfc13ae0349ab8f5d,66163d26fc13ae7da9ab9ce3
66163f08fc13ae7f77ab8e3c,66163eabfc13ae0349ab8e26,66163d26fc13ae7da9ab9bdb
66163f08fc13ae7f77ab8e3d,66163eadfc13ae0349ab8f29,66163d25fc13ae7da9ab9af9
66163f08fc13ae7f77ab8e3e,66163eb0fc13ae0349ab90c9,66163d25fc13ae7da9ab9afd
66163f08fc13ae7f77ab8e3f,66163eb0fc13ae0349ab90eb,66163d26fc13ae7da9ab9cd1
66163f08fc13ae7f77ab8e40,66163eacfc13ae0349ab8ee2,66163d26fc13ae7da9ab9c5b
