id,eventId,userId,createdAt
6613ea1dfc13ae1a78abb123,6613e939fc13ae1aedaba61c,6613e921fc13ae1a78abaeee,2023-12-07 01:18:55
6613ea1dfc13ae1a78abb124,6613e935fc13ae1aedaba33c,6613e920fc13ae1a78abadee,2024-03-18 00:49:42
6613ea1dfc13ae1a78abb125,6613e938fc13ae1aedaba545,6613e920fc13ae1a78abaec9,2024-01-24 09:11:29
6613ea1dfc13ae1a78abb126,6613e939fc13ae1aedaba652,6613e920fc13ae1a78abae85,2024-01-11 10:10:00
6613ea1dfc13ae1a78abb127,6613e935fc13ae1aedaba3c6,6613e921fc13ae1a78abb01a,2024-01-23 21:36:46
6613ea1dfc13ae1a78abb128,6613e937fc13ae1aedaba487,6613e921fc13ae1a78abafb0,2024-02-17 04:36:49
6613ea1dfc13ae1a78abb129,6613e935fc13ae1aedaba39b,6613e920fc13ae1a78abad8e,2024-01-31 22:47:30
6613ea1dfc13ae1a78abb12a,6613e936fc13ae1aedaba452,6613e921fc13ae1a78abb098,2023-09-30 15:22:15
6613ea1dfc13ae1a78abb12b,6613e936fc13ae1aedaba418,6613e920fc13ae1a78abaeab,2023-10-16 22:20:49
6613ea1dfc13ae1a78abb12c,6613e939fc13ae1aedaba632,6613e921fc13ae1a78abafb9,2024-02-13 09:00:11
6613ea1dfc13ae1a78abb12d,6613e939fc13ae1aedaba690,6613e921fc13ae1a78abb085,2024-02-11 13:26:45
6613ea1dfc13ae1a78abb12e,6613e935fc13ae1aedaba39d,6613e921fc13ae1a78abafa7,2023-10-18 00:57:59
6613ea1dfc13ae1a78abb12f,6613e935fc13ae1aedaba34a,6613e921fc13ae1a78abaef8,2024-02-12 14:58:53
6613ea1dfc13ae1a78abb130,6613e93afc13ae1aedaba6cf,6613e920fc13ae1a78abae33,2023-12-21 21:02:36
6613ea1dfc13ae1a78abb131,6613e935fc13ae1aedaba354,6613e920fc13ae1a78abad3f,2023-12-03 22:38:25
6613ea1dfc13ae1a78abb132,6613e938fc13ae1aedaba592,6613e921fc13ae1a78abaf81,2023-09-03 00:01:49
6613ea1dfc13ae1a78abb133,6613e939fc13ae1aedaba68a,6613e920fc13ae1a78abad86,2023-08-25 22:54:37
6613ea1dfc13ae1a78abb134,6613e935fc13ae1aedaba3ac,6613e920fc13ae1a78abae9d,2023-10-11 13:05:42
6613ea1dfc13ae1a78abb135,6613e937fc13ae1aedaba50c,6613e920fc13ae1a78abae4c,2023-08-14 14:41:52
6613ea1dfc13ae1a78abb136,6613e938fc13ae1aedaba57e,6613e921fc13ae1a78abb04d,2023-08-01 16:24:32
6613ea1dfc13ae1a78abb137,6613e93afc13ae1aedaba6ed,6613e921fc13ae1a78abafce,2023-08-26 20:26:17
6613ea1dfc13ae1a78abb138,6613e938fc13ae1aedaba5d4,6613e920fc13ae1a78abad7b,2023-11-02 12:14:01
6613ea1dfc13ae1a78abb139,6613e939fc13ae1aedaba63c,6613e921fc13ae1a78abaf84,2023-09-24 00:29:23
6613ea1dfc13ae1a78abb13a,6613e93afc13ae1aedaba6ad,6613e921fc13ae1a78abb0db,2023-07-04 19:38:46
6613ea1dfc13ae1a78abb13b,6613e937fc13ae1aedaba496,6613e921fc13ae1a78abafda,2023-07-08 19:31:52
6613ea1dfc13ae1a78abb13c,6613e939fc13ae1aedaba60a,6613e920fc13ae1a78abae5e,2023-07-23 00:56:42
6613ea1dfc13ae1a78abb13d,6613e939fc13ae1aedaba690,6613e920fc13ae1a78abadca,2023-09-16 06:03:24
6613ea1dfc13ae1a78abb13e,6613e936fc13ae1aedaba47e,6613e920fc13ae1a78abae6a,2023-04-18 19:29:58
6613ea1dfc13ae1a78abb13f,6613e935fc13ae1aedaba3a6,6613e921fc13ae1a78abaf6d,2023-05-21 23:19:12
6613ea1dfc13ae1a78abb140,6613e936fc13ae1aedaba418,6613e920fc13ae1a78abad6a,2023-06-06 19:00:05
6613ea1dfc13ae1a78abb141,6613e93afc13ae1aedaba6e0,6613e921fc13ae1a78abafbc,2024-02-22 04:14:56
6613ea1dfc13ae1a78abb142,6613e935fc13ae1aedaba345,6613e921fc13ae1a78abb0d6,2023-12-30 05:35:18
6613ea1dfc13ae1a78abb143,6613e935fc13ae1aedaba385,6613e921fc13ae1a78abb039,2024-02-02 17:14:07
6613ea1dfc13ae1a78abb144,6613e93afc13ae1aedaba6fd,6613e921fc13ae1a78abaf48,2023-09-17 20:23:29
6613ea1dfc13ae1a78abb145,6613e939fc13ae1aedaba662,6613e921fc13ae1a78abb0f9,2023-08-05 15:45:34
6613ea1dfc13ae1a78abb146,6613e936fc13ae1aedaba451,6613e920fc13ae1a78abad82,2023-09-08 09:10:26
6613ea1dfc13ae1a78abb147,6613e939fc13ae1aedaba662,6613e921fc13ae1a78abb004,2023-08-12 13:19:11
6613ea1dfc13ae1a78abb148,6613e937fc13ae1aedaba4a2,6613e920fc13ae1a78abae83,2023-07-09 10:57:53
6613ea1dfc13ae1a78abb149,6613e939fc13ae1aedaba683,6613e920fc13ae1a78abae33,2023-09-24 07:38:14
6613ea1dfc13ae1a78abb14a,6613e938fc13ae1aedaba58e,6613e921fc13ae1a78abaedf,2023-08-26 19:10:11
6613ea1dfc13ae1a78abb14b,6613e938fc13ae1aedaba56d,6613e920fc13ae1a78abad9f,2023-07-19 17:30:10
6613ea1dfc13ae1a78abb14c,6613e93afc13ae1aedaba6bc,6613e920fc13ae1a78abadc6,2023-08-12 09:41:43
6613ea1dfc13ae1a78abb14d,6613e93afc13ae1aedaba6e0,6613e921fc13ae1a78abaf5c,2023-12-03 04:06:44
6613ea1dfc13ae1a78abb14e,6613e935fc13ae1aedaba377,6613e921fc13ae1a78abaff6,2024-03-06 22:08:46
6613ea1dfc13ae1a78abb14f,6613e935fc13ae1aedaba39f,6613e921fc13ae1a78abaff5,2023-07-05 16:57:48
6613ea1dfc13ae1a78abb150,6613e938fc13ae1aedaba550,6613e921fc13ae1a78abafb7,2023-06-11 10:48:32
6613ea1dfc13ae1a78abb151,6613e939fc13ae1aedaba65f,6613e920fc13ae1a78abadc9,2024-03-22 21:46:54
6613ea1dfc13ae1a78abb152,6613e939fc13ae1aedaba693,6613e921fc13ae1a78abaef0,2023-12-07 20:30:59
6613ea1dfc13ae1a78abb153,6613e936fc13ae1aedaba3fe,6613e920fc13ae1a78abadcf,2023-05-14 16:02:25
6613ea1dfc13ae1a78abb154,6613e939fc13ae1aedaba60c,6613e921fc13ae1a78abaf22,2023-08-08 04:33:11
6613ea1dfc13ae1a78abb155,6613e935fc13ae1aedaba368,6613e921fc13ae1a78abb062,2023-09-05 22:19:45
6613ea1dfc13ae1a78abb156,6613e935fc13ae1aedaba38f,6613e920fc13ae1a78abae5d,2023-11-05 05:38:22
6613ea1dfc13ae1a78abb157,6613e937fc13ae1aedaba4c4,6613e920fc13ae1a78abad49,2024-01-12 05:56:53
6613ea1dfc13ae1a78abb158,6613e938fc13ae1aedaba58e,6613e920fc13ae1a78abad48,2024-01-23 06:08:53
6613ea1dfc13ae1a78abb159,6613e936fc13ae1aedaba3df,6613e921fc13ae1a78abb0ac,2023-08-09 05:50:15
6613ea1dfc13ae1a78abb15a,6613e936fc13ae1aedaba44d,6613e920fc13ae1a78abad4d,2023-10-20 12:28:00
6613ea1dfc13ae1a78abb15b,6613e936fc13ae1aedaba41e,6613e921fc13ae1a78abb070,2023-11-17 23:22:13
6613ea1dfc13ae1a78abb15c,6613e936fc13ae1aedaba45f,6613e921fc13ae1a78abb017,2023-07-21 12:17:06
6613ea1dfc13ae1a78abb15d,6613e935fc13ae1aedaba3b0,6613e920fc13ae1a78abad7c,2024-02-06 15:35:06
6613ea1dfc13ae1a78abb15e,6613e935fc13ae1aedaba339,6613e921fc13ae1a78abafba,2023-10-14 01:02:57
6613ea1dfc13ae1a78abb15f,6613e938fc13ae1aedaba57e,6613e921fc13ae1a78abb05a,2023-09-11 14:17:43
6613ea1dfc13ae1a78abb160,6613e938fc13ae1aedaba589,6613e921fc13ae1a78abaef7,2023-08-10 04:56:58
6613ea1dfc13ae1a78abb161,6613e939fc13ae1aedaba68f,6613e921fc13ae1a78abb109,2023-10-27 02:14:07
6613ea1dfc13ae1a78abb162,6613e935fc13ae1aedaba35c,6613e920fc13ae1a78abaed9,2024-03-28 18:12:46
6613ea1dfc13ae1a78abb163,6613e937fc13ae1aedaba4c6,6613e921fc13ae1a78abafc0,2023-09-27 13:34:11
6613ea1dfc13ae1a78abb164,6613e938fc13ae1aedaba5b0,6613e920fc13ae1a78abad76,2024-01-23 07:57:57
6613ea1dfc13ae1a78abb165,6613e936fc13ae1aedaba3ea,6613e921fc13ae1a78abb0a5,2024-02-29 17:48:29
6613ea1dfc13ae1a78abb166,6613e937fc13ae1aedaba48d,6613e921fc13ae1a78abaf6a,2024-01-23 15:08:22
6613ea1dfc13ae1a78abb167,6613e935fc13ae1aedaba3b1,6613e921fc13ae1a78abb0ab,2023-08-31 12:26:34
6613ea1dfc13ae1a78abb168,6613e935fc13ae1aedaba399,6613e921fc13ae1a78abaf0f,2024-02-15 14:27:09
6613ea1dfc13ae1a78abb169,6613e936fc13ae1aedaba467,6613e920fc13ae1a78abae68,2024-02-25 12:36:26
6613ea1dfc13ae1a78abb16a,6613e937fc13ae1aedaba50f,6613e921fc13ae1a78abaf77,2023-04-10 18:09:14
6613ea1dfc13ae1a78abb16b,6613e939fc13ae1aedaba678,6613e921fc13ae1a78abb0f7,2023-07-17 17:51:47
6613ea1dfc13ae1a78abb16c,6613e939fc13ae1aedaba626,6613e921fc13ae1a78abb07d,2023-04-15 10:54:24
6613ea1dfc13ae1a78abb16d,6613e937fc13ae1aedaba506,6613e921fc13ae1a78abb007,2023-06-10 13:39:02
6613ea1dfc13ae1a78abb16e,6613e935fc13ae1aedaba358,6613e920fc13ae1a78abaead,2024-01-04 04:47:29
6613ea1dfc13ae1a78abb16f,6613e938fc13ae1aedaba585,6613e921fc13ae1a78abb028,2024-01-24 15:40:42
6613ea1dfc13ae1a78abb170,6613e935fc13ae1aedaba35c,6613e921fc13ae1a78abaef3,2023-05-05 16:14:59
6613ea1dfc13ae1a78abb171,6613e937fc13ae1aedaba517,6613e921fc13ae1a78abb11b,2023-08-14 21:03:52
6613ea1dfc13ae1a78abb172,6613e939fc13ae1aedaba661,6613e920fc13ae1a78abad78,2023-09-18 15:39:40
6613ea1dfc13ae1a78abb173,6613e936fc13ae1aedaba3dc,6613e921fc13ae1a78abb104,2023-08-13 07:36:42
6613ea1dfc13ae1a78abb174,6613e937fc13ae1aedaba4d0,6613e921fc13ae1a78abb0f1,2024-02-06 00:34:47
6613ea1dfc13ae1a78abb175,6613e939fc13ae1aedaba61b,6613e920fc13ae1a78abae69,2023-10-26 05:00:53
6613ea1dfc13ae1a78abb176,6613e938fc13ae1aedaba57d,6613e921fc13ae1a78abb09e,2024-04-04 10:19:28
6613ea1dfc13ae1a78abb177,6613e936fc13ae1aedaba3e7,6613e921fc13ae1a78abb076,2023-08-03 17:30:43
6613ea1dfc13ae1a78abb178,6613e938fc13ae1aedaba5b3,6613e921fc13ae1a78abaf6a,2023-08-28 21:32:43
6613ea1dfc13ae1a78abb179,6613e936fc13ae1aedaba448,6613e921fc13ae1a78abb0c2,2024-03-06 16:18:18
6613ea1dfc13ae1a78abb17a,6613e937fc13ae1aedaba4de,6613e920fc13ae1a78abad4a,2024-02-10 22:40:21
6613ea1dfc13ae1a78abb17b,6613e939fc13ae1aedaba686,6613e921fc13ae1a78abb103,2023-10-09 02:37:23
6613ea1dfc13ae1a78abb17c,6613e937fc13ae1aedaba52a,6613e921fc13ae1a78abaf5c,2023-11-20 05:18:36
6613ea1dfc13ae1a78abb17d,6613e93afc13ae1aedaba70d,6613e920fc13ae1a78abad78,2023-09-24 03:20:44
6613ea1dfc13ae1a78abb17e,6613e939fc13ae1aedaba5ea,6613e921fc13ae1a78abafdf,2023-08-15 18:20:19
6613ea1dfc13ae1a78abb17f,6613e938fc13ae1aedaba593,6613e921fc13ae1a78abb06f,2023-08-31 20:47:15
6613ea1dfc13ae1a78abb180,6613e937fc13ae1aedaba4a0,6613e920fc13ae1a78abaea6,2024-04-01 04:15:08
6613ea1dfc13ae1a78abb181,6613e936fc13ae1aedaba41f,6613e921fc13ae1a78abaf77,2023-12-01 07:43:55
6613ea1dfc13ae1a78abb182,6613e935fc13ae1aedaba382,6613e921fc13ae1a78abb0c2,2024-03-07 06:54:54
6613ea1dfc13ae1a78abb183,6613e935fc13ae1aedaba37c,6613e921fc13ae1a78abb10a,2023-12-05 14:04:21
6613ea1dfc13ae1a78abb184,6613e937fc13ae1aedaba4db,6613e921fc13ae1a78abb080,2023-08-04 16:05:45
6613ea1dfc13ae1a78abb185,6613e938fc13ae1aedaba5da,6613e920fc13ae1a78abadd8,2023-06-17 21:08:59
6613ea1dfc13ae1a78abb186,6613e939fc13ae1aedaba67f,6613e921fc13ae1a78abaf61,2024-01-02 19:49:24
6613ea1dfc13ae1a78abb187,6613e93afc13ae1aedaba6bf,6613e921fc13ae1a78abb0e0,2023-08-10 19:05:58
6613ea1dfc13ae1a78abb188,6613e93afc13ae1aedaba718,6613e921fc13ae1a78abaf86,2023-07-25 00:36:56
6613ea1dfc13ae1a78abb189,6613e935fc13ae1aedaba361,6613e921fc13ae1a78abafbd,2024-03-22 12:31:21
6613ea1dfc13ae1a78abb18a,6613e938fc13ae1aedaba577,6613e921fc13ae1a78abaef0,2024-02-02 23:35:41
6613ea1dfc13ae1a78abb18b,6613e939fc13ae1aedaba69b,6613e920fc13ae1a78abade1,2023-11-01 09:49:17
6613ea1dfc13ae1a78abb18c,6613e938fc13ae1aedaba546,6613e920fc13ae1a78abadca,2023-12-11 10:29:21
6613ea1dfc13ae1a78abb18d,6613e938fc13ae1aedaba5b0,6613e921fc13ae1a78abaeeb,2023-08-15 11:29:27
6613ea1dfc13ae1a78abb18e,6613e936fc13ae1aedaba3e8,6613e920fc13ae1a78abad5b,2023-09-25 19:54:29
6613ea1dfc13ae1a78abb18f,6613e939fc13ae1aedaba600,6613e921fc13ae1a78abafa7,2023-05-12 05:56:01
6613ea1dfc13ae1a78abb190,6613e937fc13ae1aedaba4d3,6613e920fc13ae1a78abadf1,2024-02-17 02:58:53
6613ea1dfc13ae1a78abb191,6613e939fc13ae1aedaba602,6613e921fc13ae1a78abaf65,2023-05-22 01:45:49
6613ea1dfc13ae1a78abb192,6613e938fc13ae1aedaba580,6613e921fc13ae1a78abaf03,2023-12-24 06:44:14
6613ea1dfc13ae1a78abb193,6613e937fc13ae1aedaba4ec,6613e920fc13ae1a78abad64,2023-09-04 16:12:43
6613ea1dfc13ae1a78abb194,6613e935fc13ae1aedaba34a,6613e920fc13ae1a78abad4d,2023-11-01 02:22:41
6613ea1dfc13ae1a78abb195,6613e935fc13ae1aedaba35a,6613e920fc13ae1a78abae09,2023-04-23 03:20:34
6613ea1dfc13ae1a78abb196,6613e936fc13ae1aedaba453,6613e921fc13ae1a78abaf00,2023-11-13 11:58:16
6613ea1dfc13ae1a78abb197,6613e939fc13ae1aedaba654,6613e920fc13ae1a78abae77,2023-04-11 14:59:41
6613ea1dfc13ae1a78abb198,6613e936fc13ae1aedaba42c,6613e921fc13ae1a78abb04c,2023-10-26 22:44:56
6613ea1dfc13ae1a78abb199,6613e936fc13ae1aedaba46d,6613e921fc13ae1a78abaf3a,2023-08-08 07:15:41
6613ea1dfc13ae1a78abb19a,6613e938fc13ae1aedaba57d,6613e920fc13ae1a78abadb3,2024-02-29 04:06:12
6613ea1dfc13ae1a78abb19b,6613e939fc13ae1aedaba65c,6613e921fc13ae1a78abafc5,2023-06-05 03:40:11
6613ea1dfc13ae1a78abb19c,6613e935fc13ae1aedaba3b5,6613e921fc13ae1a78abafcf,2023-06-22 15:55:08
6613ea1dfc13ae1a78abb19d,6613e937fc13ae1aedaba506,6613e920fc13ae1a78abade5,2023-04-23 14:06:09
6613ea1dfc13ae1a78abb19e,6613e935fc13ae1aedaba3b3,6613e921fc13ae1a78abb0fb,2024-03-08 12:00:57
6613ea1dfc13ae1a78abb19f,6613e936fc13ae1aedaba40c,6613e921fc13ae1a78abb0ff,2024-03-08 05:58:41
6613ea1dfc13ae1a78abb1a0,6613e936fc13ae1aedaba444,6613e921fc13ae1a78abb0b0,2023-09-03 19:56:30
6613ea1dfc13ae1a78abb1a1,6613e938fc13ae1aedaba578,6613e920fc13ae1a78abadfa,2024-01-04 03:54:50
6613ea1dfc13ae1a78abb1a2,6613e939fc13ae1aedaba612,6613e921fc13ae1a78abb11a,2023-09-13 20:29:46
6613ea1dfc13ae1a78abb1a3,6613e937fc13ae1aedaba506,6613e920fc13ae1a78abaded,2023-07-24 18:42:09
6613ea1dfc13ae1a78abb1a4,6613e935fc13ae1aedaba36b,6613e920fc13ae1a78abae69,2024-02-04 08:41:50
6613ea1dfc13ae1a78abb1a5,6613e938fc13ae1aedaba5a7,6613e921fc13ae1a78abb0e7,2024-03-06 02:56:00
6613ea1dfc13ae1a78abb1a6,6613e938fc13ae1aedaba5b1,6613e920fc13ae1a78abae2e,2024-02-17 01:47:15
6613ea1dfc13ae1a78abb1a7,6613e939fc13ae1aedaba5ee,6613e921fc13ae1a78abafbd,2023-10-23 15:20:52
6613ea1dfc13ae1a78abb1a8,6613e939fc13ae1aedaba61d,6613e920fc13ae1a78abad47,2024-01-01 17:01:02
6613ea1dfc13ae1a78abb1a9,6613e939fc13ae1aedaba5ea,6613e921fc13ae1a78abafde,2023-08-17 23:03:42
6613ea1dfc13ae1a78abb1aa,6613e939fc13ae1aedaba66d,6613e921fc13ae1a78abaef7,2023-06-07 03:32:08
6613ea1dfc13ae1a78abb1ab,6613e936fc13ae1aedaba3de,6613e920fc13ae1a78abae82,2023-10-04 20:01:55
6613ea1dfc13ae1a78abb1ac,6613e935fc13ae1aedaba3a6,6613e921fc13ae1a78abaf5d,2023-07-18 07:23:09
6613ea1dfc13ae1a78abb1ad,6613e936fc13ae1aedaba407,6613e921fc13ae1a78abb117,2023-07-10 09:02:37
6613ea1dfc13ae1a78abb1ae,6613e939fc13ae1aedaba689,6613e921fc13ae1a78abb121,2023-09-22 06:37:27
6613ea1dfc13ae1a78abb1af,6613e93afc13ae1aedaba6b6,6613e921fc13ae1a78abb069,2023-09-14 12:50:46
6613ea1dfc13ae1a78abb1b0,6613e936fc13ae1aedaba42e,6613e920fc13ae1a78abaead,2023-05-01 07:48:37
6613ea1dfc13ae1a78abb1b1,6613e939fc13ae1aedaba667,6613e920fc13ae1a78abae57,2024-01-11 07:53:28
6613ea1dfc13ae1a78abb1b2,6613e937fc13ae1aedaba4dc,6613e921fc13ae1a78abaf40,2023-11-07 02:38:58
6613ea1dfc13ae1a78abb1b3,6613e939fc13ae1aedaba691,6613e920fc13ae1a78abaec6,2023-10-07 19:31:12
6613ea1dfc13ae1a78abb1b4,6613e935fc13ae1aedaba37d,6613e920fc13ae1a78abad70,2023-06-24 17:54:51
6613ea1dfc13ae1a78abb1b5,6613e938fc13ae1aedaba5c1,6613e921fc13ae1a78abaf12,2023-11-06 06:32:07
6613ea1dfc13ae1a78abb1b6,6613e936fc13ae1aedaba3d3,6613e921fc13ae1a78abaf91,2023-09-14 00:03:45
6613ea1dfc13ae1a78abb1b7,6613e937fc13ae1aedaba506,6613e921fc13ae1a78abb035,2023-09-26 21:00:41
6613ea1dfc13ae1a78abb1b8,6613e935fc13ae1aedaba393,6613e921fc13ae1a78abb024,2024-03-16 13:26:17
6613ea1dfc13ae1a78abb1b9,6613e938fc13ae1aedaba541,6613e921fc13ae1a78abaf44,2023-07-18 02:03:11
6613ea1dfc13ae1a78abb1ba,6613e935fc13ae1aedaba3b0,6613e921fc13ae1a78abaf9a,2023-08-04 01:53:56
6613ea1dfc13ae1a78abb1bb,6613e935fc13ae1aedaba34e,6613e920fc13ae1a78abae2c,2023-08-14 01:00:13
6613ea1dfc13ae1a78abb1bc,6613e93afc13ae1aedaba707,6613e920fc13ae1a78abadbc,2023-08-20 01:39:43
6613ea1dfc13ae1a78abb1bd,6613e939fc13ae1aedaba694,6613e921fc13ae1a78abaf41,2023-07-30 02:58:34
6613ea1dfc13ae1a78abb1be,6613e937fc13ae1aedaba486,6613e921fc13ae1a78abaf80,2023-06-16 00:03:19
6613ea1dfc13ae1a78abb1bf,6613e936fc13ae1aedaba47a,6613e920fc13ae1a78abae6a,2023-04-11 13:26:05
6613ea1dfc13ae1a78abb1c0,6613e937fc13ae1aedaba4b8,6613e920fc13ae1a78abae60,2023-05-12 17:02:34
6613ea1dfc13ae1a78abb1c1,6613e938fc13ae1aedaba57a,6613e921fc13ae1a78abb027,2023-09-07 12:48:19
6613ea1dfc13ae1a78abb1c2,6613e936fc13ae1aedaba3e4,6613e921fc13ae1a78abb109,2023-07-13 21:47:44
6613ea1dfc13ae1a78abb1c3,6613e939fc13ae1aedaba60f,6613e920fc13ae1a78abadcd,2024-02-13 05:32:59
6613ea1dfc13ae1a78abb1c4,6613e936fc13ae1aedaba409,6613e921fc13ae1a78abb099,2023-04-23 17:52:44
6613ea1dfc13ae1a78abb1c5,6613e936fc13ae1aedaba40e,6613e921fc13ae1a78abaf1d,2023-05-03 06:43:51
6613ea1dfc13ae1a78abb1c6,6613e93afc13ae1aedaba707,6613e921fc13ae1a78abb110,2023-10-11 16:04:15
6613ea1dfc13ae1a78abb1c7,6613e936fc13ae1aedaba412,6613e920fc13ae1a78abaed7,2024-03-13 03:49:27
6613ea1dfc13ae1a78abb1c8,6613e937fc13ae1aedaba49a,6613e920fc13ae1a78abad84,2023-12-09 04:49:36
6613ea1dfc13ae1a78abb1c9,6613e935fc13ae1aedaba34e,6613e920fc13ae1a78abadf0,2023-05-28 17:49:28
6613ea1dfc13ae1a78abb1ca,6613e938fc13ae1aedaba59e,6613e920fc13ae1a78abad83,2024-01-21 19:30:38
6613ea1dfc13ae1a78abb1cb,6613e939fc13ae1aedaba5fb,6613e920fc13ae1a78abae06,2023-04-18 10:17:47
6613ea1dfc13ae1a78abb1cc,6613e939fc13ae1aedaba619,6613e921fc13ae1a78abb0e9,2024-03-05 06:48:45
6613ea1dfc13ae1a78abb1cd,6613e938fc13ae1aedaba57b,6613e921fc13ae1a78abaf46,2024-01-15 05:23:33
6613ea1dfc13ae1a78abb1ce,6613e936fc13ae1aedaba426,6613e920fc13ae1a78abad70,2023-11-24 06:13:48
6613ea1dfc13ae1a78abb1cf,6613e935fc13ae1aedaba357,6613e921fc13ae1a78abaf51,2023-04-19 17:07:11
6613ea1dfc13ae1a78abb1d0,6613e935fc13ae1aedaba3bb,6613e921fc13ae1a78abafa0,2023-05-09 07:10:43
6613ea1dfc13ae1a78abb1d1,6613e939fc13ae1aedaba637,6613e921fc13ae1a78abb0aa,2023-10-02 01:21:44
6613ea1dfc13ae1a78abb1d2,6613e935fc13ae1aedaba37c,6613e920fc13ae1a78abae1d,2023-12-22 06:42:02
6613ea1dfc13ae1a78abb1d3,6613e935fc13ae1aedaba345,6613e921fc13ae1a78abb10e,2024-01-19 07:01:59
6613ea1dfc13ae1a78abb1d4,6613e939fc13ae1aedaba61a,6613e921fc13ae1a78abaefe,2023-07-30 21:51:12
6613ea1dfc13ae1a78abb1d5,6613e937fc13ae1aedaba4b2,6613e920fc13ae1a78abaeab,2023-09-20 08:38:54
6613ea1dfc13ae1a78abb1d6,6613e93afc13ae1aedaba6cd,6613e920fc13ae1a78abad75,2024-02-26 15:24:34
6613ea1dfc13ae1a78abb1d7,6613e936fc13ae1aedaba3fc,6613e921fc13ae1a78abb0de,2023-10-16 13:54:39
6613ea1dfc13ae1a78abb1d8,6613e935fc13ae1aedaba3c3,6613e920fc13ae1a78abadcc,2023-06-25 19:48:20
6613ea1dfc13ae1a78abb1d9,6613e939fc13ae1aedaba653,6613e921fc13ae1a78abaf4f,2023-07-20 00:29:15
6613ea1dfc13ae1a78abb1da,6613e93afc13ae1aedaba6b0,6613e921fc13ae1a78abafad,2023-07-03 06:35:16
6613ea1dfc13ae1a78abb1db,6613e938fc13ae1aedaba57a,6613e921fc13ae1a78abaf16,2024-01-24 23:58:35
6613ea1dfc13ae1a78abb1dc,6613e936fc13ae1aedaba3cc,6613e921fc13ae1a78abb039,2024-02-06 18:29:22
6613ea1dfc13ae1a78abb1dd,6613e935fc13ae1aedaba388,6613e920fc13ae1a78abadb1,2024-02-27 09:53:45
6613ea1dfc13ae1a78abb1de,6613e935fc13ae1aedaba36e,6613e921fc13ae1a78abaf42,2024-02-03 04:33:02
6613ea1dfc13ae1a78abb1df,6613e937fc13ae1aedaba4d1,6613e921fc13ae1a78abaf90,2023-12-31 00:05:03
6613ea1dfc13ae1a78abb1e0,6613e93afc13ae1aedaba6f8,6613e920fc13ae1a78abae51,2023-06-12 21:20:25
6613ea1dfc13ae1a78abb1e1,6613e935fc13ae1aedaba342,6613e921fc13ae1a78abaf8e,2024-02-17 15:19:05
6613ea1dfc13ae1a78abb1e2,6613e93afc13ae1aedaba6bb,6613e920fc13ae1a78abae78,2024-02-05 21:17:05
6613ea1dfc13ae1a78abb1e3,6613e937fc13ae1aedaba4b2,6613e920fc13ae1a78abae84,2023-10-03 15:10:15
6613ea1dfc13ae1a78abb1e4,6613e937fc13ae1aedaba49b,6613e921fc13ae1a78abb0c5,2023-04-11 21:53:54
6613ea1dfc13ae1a78abb1e5,6613e935fc13ae1aedaba381,6613e920fc13ae1a78abae9f,2023-07-18 17:35:36
6613ea1dfc13ae1a78abb1e6,6613e935fc13ae1aedaba3a4,6613e920fc13ae1a78abae60,2023-07-17 19:26:50
6613ea1dfc13ae1a78abb1e7,6613e93afc13ae1aedaba705,6613e920fc13ae1a78abaecb,2023-06-11 10:06:03
6613ea1dfc13ae1a78abb1e8,6613e935fc13ae1aedaba39b,6613e921fc13ae1a78abaf0e,2023-05-31 18:00:33
6613ea1dfc13ae1a78abb1e9,6613e936fc13ae1aedaba3e3,6613e920fc13ae1a78abade1,2024-04-06 05:19:06
6613ea1dfc13ae1a78abb1ea,6613e939fc13ae1aedaba670,6613e920fc13ae1a78abaed7,2024-02-19 22:02:00
6613ea1dfc13ae1a78abb1eb,6613e935fc13ae1aedaba3c1,6613e920fc13ae1a78abae35,2023-07-28 15:05:01
6613ea1dfc13ae1a78abb1ec,6613e937fc13ae1aedaba525,6613e920fc13ae1a78abad65,2023-09-26 04:48:28
6613ea1dfc13ae1a78abb1ed,6613e937fc13ae1aedaba521,6613e921fc13ae1a78abb004,2023-06-30 04:18:59
6613ea1dfc13ae1a78abb1ee,6613e936fc13ae1aedaba43e,6613e920fc13ae1a78abadb3,2024-02-11 17:51:32
6613ea1dfc13ae1a78abb1ef,6613e939fc13ae1aedaba5e7,6613e921fc13ae1a78abb089,2024-03-03 00:50:51
6613ea1dfc13ae1a78abb1f0,6613e938fc13ae1aedaba57b,6613e920fc13ae1a78abae0b,2023-04-17 20:03:35
6613ea1dfc13ae1a78abb1f1,6613e939fc13ae1aedaba623,6613e921fc13ae1a78abaf4c,2023-12-15 05:36:25
6613ea1dfc13ae1a78abb1f2,6613e938fc13ae1aedaba5cc,6613e920fc13ae1a78abae99,2023-12-12 15:54:56
6613ea1dfc13ae1a78abb1f3,6613e937fc13ae1aedaba533,6613e920fc13ae1a78abae0a,2024-01-27 11:19:36
6613ea1dfc13ae1a78abb1f4,6613e938fc13ae1aedaba582,6613e921fc13ae1a78abb0ef,2023-08-30 11:25:15
6613ea1dfc13ae1a78abb1f5,6613e936fc13ae1aedaba474,6613e921fc13ae1a78abafdf,2023-08-23 01:47:08
6613ea1dfc13ae1a78abb1f6,6613e936fc13ae1aedaba411,6613e920fc13ae1a78abadca,2023-06-27 13:58:39
6613ea1dfc13ae1a78abb1f7,6613e938fc13ae1aedaba5c1,6613e921fc13ae1a78abb011,2023-08-29 20:25:45
6613ea1dfc13ae1a78abb1f8,6613e93afc13ae1aedaba6a9,6613e921fc13ae1a78abb0b7,2024-02-17 23:26:40
6613ea1dfc13ae1a78abb1f9,6613e936fc13ae1aedaba468,6613e920fc13ae1a78abadaf,2023-05-15 11:46:05
6613ea1dfc13ae1a78abb1fa,6613e939fc13ae1aedaba630,6613e921fc13ae1a78abb122,2023-07-11 05:10:43
6613ea1dfc13ae1a78abb1fb,6613e939fc13ae1aedaba5f6,6613e920fc13ae1a78abad82,2023-12-19 22:20:55
6613ea1dfc13ae1a78abb1fc,6613e936fc13ae1aedaba415,6613e921fc13ae1a78abb06f,2024-02-20 03:10:13
6613ea1dfc13ae1a78abb1fd,6613e936fc13ae1aedaba45f,6613e920fc13ae1a78abae7d,2023-10-04 02:39:04
6613ea1dfc13ae1a78abb1fe,6613e93afc13ae1aedaba6da,6613e921fc13ae1a78abb0ce,2023-10-12 18:30:22
6613ea1dfc13ae1a78abb1ff,6613e936fc13ae1aedaba45c,6613e921fc13ae1a78abaf69,2023-04-26 09:14:35
6613ea1dfc13ae1a78abb200,6613e939fc13ae1aedaba62d,6613e921fc13ae1a78abb055,2023-11-05 21:12:46
6613ea1dfc13ae1a78abb201,6613e939fc13ae1aedaba67d,6613e920fc13ae1a78abae0a,2023-04-27 06:46:36
6613ea1dfc13ae1a78abb202,6613e936fc13ae1aedaba455,6613e920fc13ae1a78abae2e,2024-02-24 03:29:23
6613ea1dfc13ae1a78abb203,6613e937fc13ae1aedaba518,6613e921fc13ae1a78abaf12,2024-03-09 01:13:06
6613ea1dfc13ae1a78abb204,6613e939fc13ae1aedaba637,6613e921fc13ae1a78abb03c,2024-02-22 20:11:24
6613ea1dfc13ae1a78abb205,6613e937fc13ae1aedaba4ee,6613e921fc13ae1a78abb024,2023-05-17 09:08:00
6613ea1dfc13ae1a78abb206,6613e937fc13ae1aedaba4c4,6613e921fc13ae1a78abb0b7,2023-08-30 10:16:08
6613ea1dfc13ae1a78abb207,6613e936fc13ae1aedaba3f1,6613e920fc13ae1a78abada2,2023-10-05 04:23:39
6613ea1dfc13ae1a78abb208,6613e936fc13ae1aedaba403,6613e920fc13ae1a78abade3,2023-11-13 22:35:07
6613ea1dfc13ae1a78abb209,6613e939fc13ae1aedaba60f,6613e921fc13ae1a78abaf55,2024-02-09 05:12:04
6613ea1dfc13ae1a78abb20a,6613e93afc13ae1aedaba716,6613e921fc13ae1a78abafae,2023-11-22 22:30:40
6613ea1dfc13ae1a78abb20b,6613e935fc13ae1aedaba334,6613e921fc13ae1a78abb0db,2024-04-04 06:40:33
6613ea1dfc13ae1a78abb20c,6613e936fc13ae1aedaba3db,6613e920fc13ae1a78abad76,2023-12-31 14:09:23
6613ea1dfc13ae1a78abb20d,6613e936fc13ae1aedaba3f7,6613e921fc13ae1a78abb058,2024-02-14 18:07:38
6613ea1dfc13ae1a78abb20e,6613e937fc13ae1aedaba496,6613e921fc13ae1a78abafeb,2024-03-27 20:53:15
6613ea1dfc13ae1a78abb20f,6613e935fc13ae1aedaba3b0,6613e921fc13ae1a78abb039,2023-09-09 13:43:19
6613ea1dfc13ae1a78abb210,6613e93afc13ae1aedaba701,6613e921fc13ae1a78abb05f,2023-11-23 13:48:15
6613ea1dfc13ae1a78abb211,6613e937fc13ae1aedaba496,6613e920fc13ae1a78abadc9,2023-04-12 05:48:16
6613ea1dfc13ae1a78abb212,6613e937fc13ae1aedaba522,6613e920fc13ae1a78abadcd,2024-03-25 08:00:37
6613ea1dfc13ae1a78abb213,6613e938fc13ae1aedaba5a2,6613e921fc13ae1a78abb003,2023-08-18 12:07:46
6613ea1dfc13ae1a78abb214,6613e93afc13ae1aedaba6f7,6613e920fc13ae1a78abaddd,2023-09-01 02:08:43
6613ea1dfc13ae1a78abb215,6613e939fc13ae1aedaba685,6613e920fc13ae1a78abae32,2024-01-05 21:34:54
6613ea1dfc13ae1a78abb216,6613e936fc13ae1aedaba3ff,6613e921fc13ae1a78abb0f4,2024-02-25 04:41:14
6613ea1dfc13ae1a78abb217,6613e937fc13ae1aedaba49e,6613e921fc13ae1a78abb0eb,2023-09-05 02:50:03
6613ea1dfc13ae1a78abb218,6613e935fc13ae1aedaba3bc,6613e920fc13ae1a78abad91,2023-08-15 13:10:57
6613ea1dfc13ae1a78abb219,6613e935fc13ae1aedaba38a,6613e921fc13ae1a78abb06e,2023-11-28 21:34:34
6613ea1dfc13ae1a78abb21a,6613e939fc13ae1aedaba65c,6613e921fc13ae1a78abafd2,2023-06-08 11:46:35
6613ea1dfc13ae1a78abb21b,6613e939fc13ae1aedaba69c,6613e921fc13ae1a78abb07c,2023-06-19 13:54:29
6613ea1dfc13ae1a78abb21c,6613e935fc13ae1aedaba37d,6613e920fc13ae1a78abae64,2024-03-23 01:17:39
6613ea1dfc13ae1a78abb21d,6613e939fc13ae1aedaba662,6613e920fc13ae1a78abad77,2023-05-02 16:08:07
6613ea1dfc13ae1a78abb21e,6613e935fc13ae1aedaba33d,6613e921fc13ae1a78abb018,2024-02-06 22:40:57
6613ea1dfc13ae1a78abb21f,6613e938fc13ae1aedaba56a,6613e921fc13ae1a78abb072,2023-10-24 02:54:52
6613ea1dfc13ae1a78abb220,6613e935fc13ae1aedaba371,6613e920fc13ae1a78abaec6,2023-09-08 13:09:28
6613ea1dfc13ae1a78abb221,6613e938fc13ae1aedaba560,6613e920fc13ae1a78abadc2,2024-01-13 20:43:44
6613ea1dfc13ae1a78abb222,6613e936fc13ae1aedaba41e,6613e921fc13ae1a78abaf82,2023-10-14 00:26:04
6613ea1dfc13ae1a78abb223,6613e93afc13ae1aedaba6ce,6613e921fc13ae1a78abb065,2023-06-15 09:38:05
6613ea1dfc13ae1a78abb224,6613e938fc13ae1aedaba55a,6613e920fc13ae1a78abae5a,2023-09-07 08:28:21
6613ea1dfc13ae1a78abb225,6613e936fc13ae1aedaba3cc,6613e920fc13ae1a78abad44,2024-02-01 08:40:09
6613ea1dfc13ae1a78abb226,6613e935fc13ae1aedaba3a3,6613e921fc13ae1a78abb0bd,2023-10-05 22:17:45
6613ea1dfc13ae1a78abb227,6613e936fc13ae1aedaba3e1,6613e921fc13ae1a78abaf71,2023-11-10 16:08:51
6613ea1dfc13ae1a78abb228,6613e935fc13ae1aedaba395,6613e921fc13ae1a78abaf63,2023-12-24 20:25:55
6613ea1dfc13ae1a78abb229,6613e938fc13ae1aedaba5ca,6613e921fc13ae1a78abaf97,2023-06-02 08:21:42
6613ea1dfc13ae1a78abb22a,6613e935fc13ae1aedaba34c,6613e921fc13ae1a78abb078,2023-08-07 01:07:28
6613ea1dfc13ae1a78abb22b,6613e938fc13ae1aedaba5bd,6613e921fc13ae1a78abaff6,2023-09-30 20:36:27
6613ea1dfc13ae1a78abb22c,6613e937fc13ae1aedaba4a0,6613e920fc13ae1a78abad4b,2023-10-08 12:02:54
6613ea1dfc13ae1a78abb22d,6613e938fc13ae1aedaba5d0,6613e920fc13ae1a78abae87,2023-12-08 11:34:47
6613ea1dfc13ae1a78abb22e,6613e935fc13ae1aedaba364,6613e920fc13ae1a78abad95,2023-07-18 00:28:52
6613ea1dfc13ae1a78abb22f,6613e936fc13ae1aedaba402,6613e920fc13ae1a78abae5e,2023-08-29 02:32:33
6613ea1dfc13ae1a78abb230,6613e938fc13ae1aedaba56b,6613e921fc13ae1a78abb00f,2024-02-22 19:31:57
6613ea1dfc13ae1a78abb231,6613e939fc13ae1aedaba613,6613e921fc13ae1a78abaf85,2023-09-21 03:56:39
6613ea1dfc13ae1a78abb232,6613e93afc13ae1aedaba6b2,6613e921fc13ae1a78abb03a,2023-12-08 13:49:56
6613ea1dfc13ae1a78abb233,6613e937fc13ae1aedaba4e6,6613e920fc13ae1a78abae6a,2024-01-30 18:20:28
6613ea1dfc13ae1a78abb234,6613e937fc13ae1aedaba4ae,6613e920fc13ae1a78abae0c,2024-01-19 23:02:00
6613ea1dfc13ae1a78abb235,6613e937fc13ae1aedaba4a2,6613e920fc13ae1a78abaec9,2023-12-22 07:48:21
6613ea1dfc13ae1a78abb236,6613e937fc13ae1aedaba537,6613e920fc13ae1a78abaec2,2024-01-12 07:22:37
6613ea1dfc13ae1a78abb237,6613e935fc13ae1aedaba35b,6613e920fc13ae1a78abae9f,2024-01-06 16:37:35
6613ea1dfc13ae1a78abb238,6613e938fc13ae1aedaba567,6613e921fc13ae1a78abaf25,2023-12-07 11:42:21
6613ea1dfc13ae1a78abb239,6613e937fc13ae1aedaba48c,6613e921fc13ae1a78abaf92,2024-03-01 08:36:23
6613ea1dfc13ae1a78abb23a,6613e936fc13ae1aedaba3f1,6613e920fc13ae1a78abadc0,2023-12-12 14:56:56
6613ea1dfc13ae1a78abb23b,6613e938fc13ae1aedaba563,6613e921fc13ae1a78abb037,2024-02-06 17:42:51
6613ea1dfc13ae1a78abb23c,6613e936fc13ae1aedaba457,6613e921fc13ae1a78abb0bc,2023-12-19 23:37:35
6613ea1dfc13ae1a78abb23d,6613e939fc13ae1aedaba696,6613e920fc13ae1a78abad97,2023-07-29 11:15:54
6613ea1dfc13ae1a78abb23e,6613e938fc13ae1aedaba58d,6613e921fc13ae1a78abb090,2024-03-21 15:32:23
6613ea1dfc13ae1a78abb23f,6613e939fc13ae1aedaba677,6613e921fc13ae1a78abaff5,2023-05-09 07:10:19
6613ea1dfc13ae1a78abb240,6613e939fc13ae1aedaba631,6613e921fc13ae1a78abaef4,2023-08-17 16:21:26
6613ea1dfc13ae1a78abb241,6613e938fc13ae1aedaba541,6613e921fc13ae1a78abafa7,2023-05-27 19:13:52
6613ea1dfc13ae1a78abb242,6613e937fc13ae1aedaba4dd,6613e920fc13ae1a78abaed4,2023-09-13 22:29:57
6613ea1dfc13ae1a78abb243,6613e936fc13ae1aedaba46d,6613e921fc13ae1a78abb010,2024-04-06 17:38:32
6613ea1dfc13ae1a78abb244,6613e935fc13ae1aedaba36a,6613e921fc13ae1a78abaf13,2023-05-11 07:42:04
6613ea1dfc13ae1a78abb245,6613e935fc13ae1aedaba3b1,6613e921fc13ae1a78abb024,2023-06-28 04:34:19
6613ea1dfc13ae1a78abb246,6613e937fc13ae1aedaba519,6613e921fc13ae1a78abb0b9,2023-08-25 20:34:07
6613ea1dfc13ae1a78abb247,6613e939fc13ae1aedaba5ee,6613e921fc13ae1a78abaf52,2023-11-23 08:20:23
6613ea1dfc13ae1a78abb248,6613e939fc13ae1aedaba618,6613e921fc13ae1a78abafcc,2023-06-22 16:13:10
6613ea1dfc13ae1a78abb249,6613e939fc13ae1aedaba68c,6613e921fc13ae1a78abb072,2023-08-16 01:21:42
6613ea1dfc13ae1a78abb24a,6613e938fc13ae1aedaba5d0,6613e920fc13ae1a78abae49,2023-04-17 08:12:43
6613ea1dfc13ae1a78abb24b,6613e939fc13ae1aedaba620,6613e920fc13ae1a78abae9f,2024-02-18 11:21:32
6613ea1dfc13ae1a78abb24c,6613e939fc13ae1aedaba62c,6613e921fc13ae1a78abb022,2023-05-30 02:34:33
6613ea1dfc13ae1a78abb24d,6613e935fc13ae1aedaba3a3,6613e921fc13ae1a78abafcd,2023-04-10 20:24:38
6613ea1dfc13ae1a78abb24e,6613e935fc13ae1aedaba3a2,6613e921fc13ae1a78abb00b,2024-02-10 23:04:28
6613ea1dfc13ae1a78abb24f,6613e936fc13ae1aedaba443,6613e921fc13ae1a78abaf83,2023-07-27 04:02:25
6613ea1dfc13ae1a78abb250,6613e935fc13ae1aedaba38c,6613e920fc13ae1a78abaded,2023-10-04 00:01:20
6613ea1dfc13ae1a78abb251,6613e937fc13ae1aedaba510,6613e921fc13ae1a78abb043,2023-07-02 18:33:39
6613ea1dfc13ae1a78abb252,6613e939fc13ae1aedaba65e,6613e920fc13ae1a78abae78,2023-06-09 08:49:01
6613ea1dfc13ae1a78abb253,6613e937fc13ae1aedaba508,6613e921fc13ae1a78abb0f4,2023-09-07 14:15:31
6613ea1dfc13ae1a78abb254,6613e93afc13ae1aedaba705,6613e921fc13ae1a78abaf30,2023-10-26 03:44:05
6613ea1dfc13ae1a78abb255,6613e936fc13ae1aedaba3f0,6613e920fc13ae1a78abadea,2023-04-23 00:48:31
6613ea1dfc13ae1a78abb256,6613e936fc13ae1aedaba3f1,6613e921fc13ae1a78abaf50,2023-07-31 04:46:11
6613ea1dfc13ae1a78abb257,6613e939fc13ae1aedaba653,6613e920fc13ae1a78abadb4,2023-09-25 11:32:13
6613ea1dfc13ae1a78abb258,6613e935fc13ae1aedaba349,6613e920fc13ae1a78abae98,2024-01-06 05:53:44
6613ea1dfc13ae1a78abb259,6613e936fc13ae1aedaba3db,6613e921fc13ae1a78abb040,2023-07-08 13:42:16
6613ea1dfc13ae1a78abb25a,6613e938fc13ae1aedaba584,6613e920fc13ae1a78abadc8,2023-09-08 07:38:50
6613ea1dfc13ae1a78abb25b,6613e93afc13ae1aedaba6cb,6613e921fc13ae1a78abb05c,2024-02-22 09:54:42
6613ea1dfc13ae1a78abb25c,6613e935fc13ae1aedaba344,6613e920fc13ae1a78abadc7,2023-09-08 13:28:07
6613ea1dfc13ae1a78abb25d,6613e935fc13ae1aedaba335,6613e921fc13ae1a78abaf0c,2023-08-06 04:32:29
6613ea1dfc13ae1a78abb25e,6613e936fc13ae1aedaba3e2,6613e920fc13ae1a78abad4d,2024-02-06 21:15:55
6613ea1dfc13ae1a78abb25f,6613e936fc13ae1aedaba3d7,6613e920fc13ae1a78abada1,2023-11-04 13:49:53
6613ea1dfc13ae1a78abb260,6613e938fc13ae1aedaba5a9,6613e920fc13ae1a78abae57,2023-08-23 17:40:18
6613ea1dfc13ae1a78abb261,6613e939fc13ae1aedaba5e3,6613e920fc13ae1a78abaebc,2023-12-04 01:18:44
6613ea1dfc13ae1a78abb262,6613e937fc13ae1aedaba4ce,6613e921fc13ae1a78abaf32,2024-01-02 21:01:22
6613ea1dfc13ae1a78abb263,6613e935fc13ae1aedaba33f,6613e921fc13ae1a78abb0e4,2023-05-31 19:09:38
6613ea1dfc13ae1a78abb264,6613e939fc13ae1aedaba636,6613e921fc13ae1a78abaf8d,2024-03-26 07:27:23
6613ea1dfc13ae1a78abb265,6613e936fc13ae1aedaba3e2,6613e921fc13ae1a78abb079,2024-01-10 17:50:54
6613ea1dfc13ae1a78abb266,6613e93afc13ae1aedaba6e8,6613e921fc13ae1a78abaf9b,2024-02-24 07:12:46
6613ea1dfc13ae1a78abb267,6613e939fc13ae1aedaba656,6613e921fc13ae1a78abb0c0,2024-02-14 02:39:44
6613ea1dfc13ae1a78abb268,6613e935fc13ae1aedaba368,6613e921fc13ae1a78abaf4c,2024-03-09 08:35:08
6613ea1dfc13ae1a78abb269,6613e939fc13ae1aedaba673,6613e920fc13ae1a78abad4a,2023-04-21 04:11:07
6613ea1dfc13ae1a78abb26a,6613e939fc13ae1aedaba608,6613e920fc13ae1a78abada3,2023-07-26 19:44:53
6613ea1dfc13ae1a78abb26b,6613e939fc13ae1aedaba645,6613e920fc13ae1a78abae5e,2023-08-07 02:58:41
6613ea1dfc13ae1a78abb26c,6613e937fc13ae1aedaba4eb,6613e921fc13ae1a78abb10c,2023-11-13 00:58:45
6613ea1dfc13ae1a78abb26d,6613e93afc13ae1aedaba6f3,6613e921fc13ae1a78abb0ab,2023-04-09 11:13:06
6613ea1dfc13ae1a78abb26e,6613e939fc13ae1aedaba640,6613e921fc13ae1a78abafde,2024-03-05 11:15:21
6613ea1dfc13ae1a78abb26f,6613e935fc13ae1aedaba3a4,6613e921fc13ae1a78abafe6,2023-10-07 12:27:21
6613ea1dfc13ae1a78abb270,6613e935fc13ae1aedaba382,6613e921fc13ae1a78abaf9b,2023-05-14 15:11:29
6613ea1dfc13ae1a78abb271,6613e937fc13ae1aedaba4f9,6613e920fc13ae1a78abae18,2023-06-03 11:15:39
6613ea1dfc13ae1a78abb272,6613e936fc13ae1aedaba431,6613e920fc13ae1a78abadd6,2023-08-18 22:09:05
6613ea1dfc13ae1a78abb273,6613e935fc13ae1aedaba346,6613e921fc13ae1a78abb01c,2023-08-15 22:10:06
6613ea1dfc13ae1a78abb274,6613e93afc13ae1aedaba6c5,6613e921fc13ae1a78abaf02,2023-08-09 14:29:08
6613ea1dfc13ae1a78abb275,6613e937fc13ae1aedaba501,6613e921fc13ae1a78abafff,2023-09-07 17:22:12
6613ea1dfc13ae1a78abb276,6613e935fc13ae1aedaba3b4,6613e921fc13ae1a78abafce,2023-05-29 04:37:36
6613ea1dfc13ae1a78abb277,6613e939fc13ae1aedaba5e6,6613e920fc13ae1a78abadcc,2024-03-02 09:23:06
6613ea1dfc13ae1a78abb278,6613e939fc13ae1aedaba67b,6613e920fc13ae1a78abade7,2023-10-09 14:31:40
6613ea1dfc13ae1a78abb279,6613e935fc13ae1aedaba35e,6613e921fc13ae1a78abb085,2023-08-25 12:28:07
6613ea1dfc13ae1a78abb27a,6613e936fc13ae1aedaba40c,6613e921fc13ae1a78abb039,2023-06-03 15:09:13
6613ea1dfc13ae1a78abb27b,6613e935fc13ae1aedaba355,6613e920fc13ae1a78abae77,2024-03-24 00:01:34
6613ea1dfc13ae1a78abb27c,6613e936fc13ae1aedaba407,6613e920fc13ae1a78abae77,2023-06-23 04:04:53
6613ea1dfc13ae1a78abb27d,6613e936fc13ae1aedaba40f,6613e920fc13ae1a78abae4d,2023-05-03 06:43:38
6613ea1dfc13ae1a78abb27e,6613e937fc13ae1aedaba51b,6613e921fc13ae1a78abafce,2023-11-29 16:59:13
6613ea1dfc13ae1a78abb27f,6613e939fc13ae1aedaba649,6613e921fc13ae1a78abaf8e,2023-04-08 11:11:06
6613ea1dfc13ae1a78abb280,6613e939fc13ae1aedaba5df,6613e921fc13ae1a78abaeef,2024-02-13 03:00:35
6613ea1dfc13ae1a78abb281,6613e937fc13ae1aedaba4d7,6613e921fc13ae1a78abb02b,2023-11-22 18:43:34
6613ea1dfc13ae1a78abb282,6613e939fc13ae1aedaba663,6613e921fc13ae1a78abb0a3,2023-05-06 18:05:03
6613ea1dfc13ae1a78abb283,6613e939fc13ae1aedaba668,6613e920fc13ae1a78abadc0,2023-09-19 13:46:53
6613ea1dfc13ae1a78abb284,6613e935fc13ae1aedaba369,6613e921fc13ae1a78abafda,2024-03-03 19:28:21
6613ea1dfc13ae1a78abb285,6613e93afc13ae1aedaba704,6613e921fc13ae1a78abb034,2023-09-29 17:29:44
6613ea1dfc13ae1a78abb286,6613e939fc13ae1aedaba5fc,6613e920fc13ae1a78abae75,2023-07-29 12:03:27
6613ea1dfc13ae1a78abb287,6613e937fc13ae1aedaba536,6613e921fc13ae1a78abaf4c,2023-09-04 09:43:06
6613ea1dfc13ae1a78abb288,6613e939fc13ae1aedaba66e,6613e920fc13ae1a78abadf5,2023-04-19 15:46:48
6613ea1dfc13ae1a78abb289,6613e939fc13ae1aedaba603,6613e921fc13ae1a78abaf11,2023-08-05 10:20:46
6613ea1dfc13ae1a78abb28a,6613e939fc13ae1aedaba61c,6613e920fc13ae1a78abae39,2023-12-28 19:47:31
6613ea1dfc13ae1a78abb28b,6613e938fc13ae1aedaba593,6613e920fc13ae1a78abae45,2023-12-26 15:01:12
6613ea1dfc13ae1a78abb28c,6613e939fc13ae1aedaba616,6613e921fc13ae1a78abb117,2024-01-18 02:44:38
6613ea1dfc13ae1a78abb28d,6613e936fc13ae1aedaba43f,6613e920fc13ae1a78abae25,2023-04-24 15:59:38
6613ea1dfc13ae1a78abb28e,6613e939fc13ae1aedaba68f,6613e920fc13ae1a78abae45,2023-06-21 05:20:55
6613ea1dfc13ae1a78abb28f,6613e939fc13ae1aedaba65d,6613e921fc13ae1a78abaf48,2023-11-16 06:18:34
6613ea1dfc13ae1a78abb290,6613e937fc13ae1aedaba4ef,6613e921fc13ae1a78abaf1b,2023-06-19 19:44:03
6613ea1dfc13ae1a78abb291,6613e935fc13ae1aedaba365,6613e920fc13ae1a78abad3d,2023-05-24 23:10:27
6613ea1dfc13ae1a78abb292,6613e937fc13ae1aedaba4ef,6613e921fc13ae1a78abb079,2023-04-12 23:00:22
6613ea1dfc13ae1a78abb293,6613e937fc13ae1aedaba4ed,6613e921fc13ae1a78abb0ff,2023-09-15 07:40:35
6613ea1dfc13ae1a78abb294,6613e936fc13ae1aedaba3d8,6613e920fc13ae1a78abad55,2024-01-05 13:52:30
6613ea1dfc13ae1a78abb295,6613e939fc13ae1aedaba63e,6613e920fc13ae1a78abad49,2023-05-15 03:36:25
6613ea1dfc13ae1a78abb296,6613e93afc13ae1aedaba6ed,6613e920fc13ae1a78abad87,2023-04-28 07:45:32
6613ea1dfc13ae1a78abb297,6613e939fc13ae1aedaba659,6613e920fc13ae1a78abae08,2023-08-30 13:42:02
6613ea1dfc13ae1a78abb298,6613e939fc13ae1aedaba63f,6613e921fc13ae1a78abb110,2023-11-11 03:29:44
6613ea1dfc13ae1a78abb299,6613e939fc13ae1aedaba679,6613e921fc13ae1a78abb0d2,2023-09-14 05:14:11
6613ea1dfc13ae1a78abb29a,6613e936fc13ae1aedaba3e1,6613e921fc13ae1a78abaf15,2024-02-17 05:15:20
6613ea1dfc13ae1a78abb29b,6613e935fc13ae1aedaba379,6613e920fc13ae1a78abae4c,2024-02-18 08:36:00
6613ea1dfc13ae1a78abb29c,6613e936fc13ae1aedaba3f0,6613e921fc13ae1a78abb000,2023-09-02 15:33:07
6613ea1dfc13ae1a78abb29d,6613e935fc13ae1aedaba395,6613e920fc13ae1a78abae72,2024-02-16 03:35:28
6613ea1dfc13ae1a78abb29e,6613e936fc13ae1aedaba42d,6613e920fc13ae1a78abae18,2024-03-18 02:24:24
6613ea1dfc13ae1a78abb29f,6613e939fc13ae1aedaba656,6613e920fc13ae1a78abad7d,2023-06-29 16:43:19
6613ea1dfc13ae1a78abb2a0,6613e93afc13ae1aedaba70d,6613e921fc13ae1a78abaf94,2023-07-01 19:31:04
6613ea1dfc13ae1a78abb2a1,6613e935fc13ae1aedaba3c1,6613e921fc13ae1a78abb0b4,2023-04-12 12:43:18
6613ea1dfc13ae1a78abb2a2,6613e939fc13ae1aedaba664,6613e921fc13ae1a78abaefc,2023-07-21 23:10:51
6613ea1dfc13ae1a78abb2a3,6613e939fc13ae1aedaba649,6613e921fc13ae1a78abb0c8,2023-10-05 11:02:21
6613ea1dfc13ae1a78abb2a4,6613e937fc13ae1aedaba48d,6613e920fc13ae1a78abaeba,2023-11-19 11:32:45
6613ea1dfc13ae1a78abb2a5,6613e935fc13ae1aedaba34b,6613e920fc13ae1a78abae6b,2024-02-29 09:17:09
6613ea1dfc13ae1a78abb2a6,6613e935fc13ae1aedaba3c2,6613e920fc13ae1a78abadb5,2023-10-27 21:42:19
6613ea1dfc13ae1a78abb2a7,6613e936fc13ae1aedaba3d0,6613e921fc13ae1a78abafa6,2023-10-17 06:16:02
6613ea1dfc13ae1a78abb2a8,6613e93afc13ae1aedaba6f1,6613e920fc13ae1a78abad53,2023-09-29 21:43:42
6613ea1dfc13ae1a78abb2a9,6613e936fc13ae1aedaba439,6613e920fc13ae1a78abae95,2023-04-23 23:13:24
6613ea1dfc13ae1a78abb2aa,6613e939fc13ae1aedaba682,6613e920fc13ae1a78abadac,2023-07-24 15:44:33
6613ea1dfc13ae1a78abb2ab,6613e937fc13ae1aedaba4dd,6613e920fc13ae1a78abad3c,2023-06-15 21:32:51
6613ea1dfc13ae1a78abb2ac,6613e935fc13ae1aedaba36d,6613e921fc13ae1a78abb047,2023-04-27 15:15:33
6613ea1dfc13ae1a78abb2ad,6613e935fc13ae1aedaba33d,6613e921fc13ae1a78abaf60,2024-03-24 12:55:26
6613ea1dfc13ae1a78abb2ae,6613e936fc13ae1aedaba458,6613e921fc13ae1a78abb11b,2023-09-02 03:31:03
6613ea1dfc13ae1a78abb2af,6613e937fc13ae1aedaba515,6613e920fc13ae1a78abade9,2023-07-01 07:50:23
6613ea1dfc13ae1a78abb2b0,6613e936fc13ae1aedaba482,6613e920fc13ae1a78abae65,2023-11-08 16:06:29
6613ea1dfc13ae1a78abb2b1,6613e938fc13ae1aedaba54c,6613e920fc13ae1a78abae81,2023-08-31 20:59:42
6613ea1dfc13ae1a78abb2b2,6613e936fc13ae1aedaba3e8,6613e920fc13ae1a78abad60,2023-06-07 23:31:14
6613ea1dfc13ae1a78abb2b3,6613e939fc13ae1aedaba5ed,6613e920fc13ae1a78abad85,2024-02-16 18:04:49
6613ea1dfc13ae1a78abb2b4,6613e939fc13ae1aedaba67b,6613e921fc13ae1a78abb094,2023-12-25 21:50:06
6613ea1dfc13ae1a78abb2b5,6613e935fc13ae1aedaba396,6613e921fc13ae1a78abb119,2023-05-07 17:23:21
6613ea1dfc13ae1a78abb2b6,6613e935fc13ae1aedaba360,6613e920fc13ae1a78abadf2,2023-11-04 03:12:57
6613ea1dfc13ae1a78abb2b7,6613e937fc13ae1aedaba4a3,6613e920fc13ae1a78abae1e,2024-02-03 01:55:32
6613ea1dfc13ae1a78abb2b8,6613e936fc13ae1aedaba453,6613e921fc13ae1a78abaf66,2024-01-11 11:30:00
6613ea1dfc13ae1a78abb2b9,6613e936fc13ae1aedaba476,6613e921fc13ae1a78abaefd,2023-07-20 18:28:27
6613ea1dfc13ae1a78abb2ba,6613e939fc13ae1aedaba612,6613e920fc13ae1a78abae75,2024-02-16 06:37:41
6613ea1dfc13ae1a78abb2bb,6613e939fc13ae1aedaba67c,6613e920fc13ae1a78abaebc,2023-06-01 12:54:37
6613ea1dfc13ae1a78abb2bc,6613e939fc13ae1aedaba65e,6613e920fc13ae1a78abadec,2023-04-09 07:32:22
6613ea1dfc13ae1a78abb2bd,6613e937fc13ae1aedaba4bd,6613e920fc13ae1a78abad7d,2023-09-21 13:08:42
6613ea1dfc13ae1a78abb2be,6613e939fc13ae1aedaba65a,6613e921fc13ae1a78abaf05,2024-02-09 16:42:27
6613ea1dfc13ae1a78abb2bf,6613e93afc13ae1aedaba6f7,6613e920fc13ae1a78abae80,2023-05-23 06:39:33
6613ea1dfc13ae1a78abb2c0,6613e938fc13ae1aedaba5ab,6613e921fc13ae1a78abaf1b,2023-12-25 19:37:25
6613ea1dfc13ae1a78abb2c1,6613e939fc13ae1aedaba5f1,6613e921fc13ae1a78abaf64,2024-03-17 15:56:57
6613ea1dfc13ae1a78abb2c2,6613e935fc13ae1aedaba3c0,6613e921fc13ae1a78abaf92,2023-12-30 18:37:19
6613ea1dfc13ae1a78abb2c3,6613e938fc13ae1aedaba59c,6613e921fc13ae1a78abb0f6,2023-11-17 08:21:22
6613ea1dfc13ae1a78abb2c4,6613e93afc13ae1aedaba6ff,6613e920fc13ae1a78abaebf,2023-08-30 22:42:22
6613ea1dfc13ae1a78abb2c5,6613e935fc13ae1aedaba3b0,6613e920fc13ae1a78abaecf,2023-08-01 08:58:09
6613ea1dfc13ae1a78abb2c6,6613e93afc13ae1aedaba6b1,6613e921fc13ae1a78abb037,2023-12-24 07:47:22
6613ea1dfc13ae1a78abb2c7,6613e939fc13ae1aedaba694,6613e921fc13ae1a78abafa4,2023-11-20 03:53:12
6613ea1dfc13ae1a78abb2c8,6613e939fc13ae1aedaba679,6613e921fc13ae1a78abb0ca,2024-01-26 10:27:56
6613ea1dfc13ae1a78abb2c9,6613e93afc13ae1aedaba6e8,6613e921fc13ae1a78abb094,2023-11-23 18:08:29
6613ea1dfc13ae1a78abb2ca,6613e939fc13ae1aedaba627,6613e921fc13ae1a78abaf8e,2023-09-24 21:17:13
6613ea1dfc13ae1a78abb2cb,6613e938fc13ae1aedaba5d3,6613e921fc13ae1a78abafa9,2023-08-19 19:41:07
6613ea1dfc13ae1a78abb2cc,6613e93afc13ae1aedaba6e8,6613e921fc13ae1a78abb035,2023-07-19 05:02:02
6613ea1dfc13ae1a78abb2cd,6613e939fc13ae1aedaba665,6613e921fc13ae1a78abaf17,2023-10-09 06:27:14
6613ea1dfc13ae1a78abb2ce,6613e939fc13ae1aedaba66d,6613e921fc13ae1a78abb031,2023-11-21 13:29:53
6613ea1dfc13ae1a78abb2cf,6613e936fc13ae1aedaba44d,6613e921fc13ae1a78abaf78,2023-12-06 08:22:13
6613ea1dfc13ae1a78abb2d0,6613e938fc13ae1aedaba5d1,6613e920fc13ae1a78abaec3,2023-12-12 13:06:57
6613ea1dfc13ae1a78abb2d1,6613e939fc13ae1aedaba658,6613e921fc13ae1a78abaf2f,2024-03-01 06:50:39
6613ea1dfc13ae1a78abb2d2,6613e937fc13ae1aedaba52b,6613e921fc13ae1a78abb0c7,2024-01-08 23:20:28
6613ea1dfc13ae1a78abb2d3,6613e937fc13ae1aedaba52c,6613e920fc13ae1a78abaebc,2024-01-15 09:36:26
6613ea1dfc13ae1a78abb2d4,6613e938fc13ae1aedaba598,6613e921fc13ae1a78abaf2d,2023-05-30 03:20:37
6613ea1dfc13ae1a78abb2d5,6613e93afc13ae1aedaba6dd,6613e920fc13ae1a78abaecd,2023-06-08 10:05:10
6613ea1dfc13ae1a78abb2d6,6613e93afc13ae1aedaba6bc,6613e920fc13ae1a78abade2,2023-08-26 21:26:14
6613ea1dfc13ae1a78abb2d7,6613e938fc13ae1aedaba593,6613e921fc13ae1a78abaf89,2024-02-01 21:57:54
6613ea1dfc13ae1a78abb2d8,6613e935fc13ae1aedaba3b0,6613e920fc13ae1a78abae2f,2023-06-29 18:20:40
6613ea1dfc13ae1a78abb2d9,6613e935fc13ae1aedaba387,6613e921fc13ae1a78abaf9d,2023-11-11 02:52:58
6613ea1dfc13ae1a78abb2da,6613e939fc13ae1aedaba647,6613e920fc13ae1a78abae53,2024-03-07 20:34:35
6613ea1dfc13ae1a78abb2db,6613e935fc13ae1aedaba3bc,6613e920fc13ae1a78abae6d,2023-12-31 22:53:21
6613ea1dfc13ae1a78abb2dc,6613e935fc13ae1aedaba3a5,6613e921fc13ae1a78abb03e,2024-01-20 23:35:16
6613ea1dfc13ae1a78abb2dd,6613e936fc13ae1aedaba439,6613e921fc13ae1a78abb01f,2023-06-07 16:43:20
6613ea1dfc13ae1a78abb2de,6613e936fc13ae1aedaba411,6613e920fc13ae1a78abadea,2023-12-18 18:18:02
6613ea1dfc13ae1a78abb2df,6613e935fc13ae1aedaba366,6613e921fc13ae1a78abafd8,2024-03-28 12:56:10
6613ea1dfc13ae1a78abb2e0,6613e935fc13ae1aedaba34b,6613e920fc13ae1a78abad91,2023-09-22 09:47:50
6613ea1dfc13ae1a78abb2e1,6613e937fc13ae1aedaba4a3,6613e920fc13ae1a78abaebf,2023-09-30 05:25:34
6613ea1dfc13ae1a78abb2e2,6613e938fc13ae1aedaba579,6613e920fc13ae1a78abae3a,2023-09-28 22:29:13
6613ea1dfc13ae1a78abb2e3,6613e936fc13ae1aedaba47f,6613e921fc13ae1a78abb057,2023-11-03 00:20:52
6613ea1dfc13ae1a78abb2e4,6613e937fc13ae1aedaba4fc,6613e920fc13ae1a78abae5d,2023-05-06 19:26:18
6613ea1dfc13ae1a78abb2e5,6613e93afc13ae1aedaba6bd,6613e921fc13ae1a78abaf49,2023-11-19 14:02:19
6613ea1dfc13ae1a78abb2e6,6613e937fc13ae1aedaba4a2,6613e921fc13ae1a78abb04c,2023-10-24 21:26:21
6613ea1dfc13ae1a78abb2e7,6613e938fc13ae1aedaba585,6613e921fc13ae1a78abb015,2024-03-23 18:26:21
6613ea1dfc13ae1a78abb2e8,6613e939fc13ae1aedaba667,6613e921fc13ae1a78abafb7,2023-05-05 15:37:13
6613ea1dfc13ae1a78abb2e9,6613e935fc13ae1aedaba335,6613e920fc13ae1a78abae42,2023-08-26 11:18:52
6613ea1dfc13ae1a78abb2ea,6613e939fc13ae1aedaba616,6613e920fc13ae1a78abae8f,2023-12-11 12:22:10
6613ea1dfc13ae1a78abb2eb,6613e93afc13ae1aedaba703,6613e921fc13ae1a78abaef2,2024-01-17 01:50:18
6613ea1dfc13ae1a78abb2ec,6613e937fc13ae1aedaba4b6,6613e921fc13ae1a78abb023,2023-09-29 22:11:02
6613ea1dfc13ae1a78abb2ed,6613e938fc13ae1aedaba5a4,6613e921fc13ae1a78abb0b2,2024-02-23 21:24:34
6613ea1dfc13ae1a78abb2ee,6613e938fc13ae1aedaba5c7,6613e920fc13ae1a78abad8f,2023-08-16 08:06:59
6613ea1dfc13ae1a78abb2ef,6613e936fc13ae1aedaba3c7,6613e921fc13ae1a78abaf82,2023-06-20 08:55:08
6613ea1dfc13ae1a78abb2f0,6613e938fc13ae1aedaba539,6613e921fc13ae1a78abb080,2023-07-28 22:02:41
6613ea1dfc13ae1a78abb2f1,6613e936fc13ae1aedaba424,6613e920fc13ae1a78abae00,2023-10-19 11:49:47
6613ea1dfc13ae1a78abb2f2,6613e936fc13ae1aedaba449,6613e921fc13ae1a78abaf89,2024-02-23 21:01:27
6613ea1dfc13ae1a78abb2f3,6613e936fc13ae1aedaba480,6613e920fc13ae1a78abaeda,2024-01-13 11:58:00
6613ea1dfc13ae1a78abb2f4,6613e937fc13ae1aedaba4d1,6613e920fc13ae1a78abadc3,2024-04-06 15:37:25
6613ea1dfc13ae1a78abb2f5,6613e935fc13ae1aedaba3a2,6613e921fc13ae1a78abaf23,2023-06-25 17:37:18
6613ea1dfc13ae1a78abb2f6,6613e939fc13ae1aedaba66f,6613e920fc13ae1a78abae48,2023-04-12 10:52:36
6613ea1dfc13ae1a78abb2f7,6613e939fc13ae1aedaba65e,6613e920fc13ae1a78abad90,2024-03-27 07:02:55
6613ea1dfc13ae1a78abb2f8,6613e939fc13ae1aedaba667,6613e920fc13ae1a78abadcc,2023-05-30 22:08:53
6613ea1dfc13ae1a78abb2f9,6613e938fc13ae1aedaba555,6613e920fc13ae1a78abadb1,2024-03-17 03:33:02
6613ea1dfc13ae1a78abb2fa,6613e939fc13ae1aedaba5fe,6613e921fc13ae1a78abb003,2024-04-01 12:13:39
6613ea1dfc13ae1a78abb2fb,6613e938fc13ae1aedaba5dd,6613e920fc13ae1a78abade2,2023-11-15 19:25:12
6613ea1dfc13ae1a78abb2fc,6613e938fc13ae1aedaba54e,6613e920fc13ae1a78abae33,2023-11-13 08:42:02
6613ea1dfc13ae1a78abb2fd,6613e938fc13ae1aedaba5a7,6613e921fc13ae1a78abaff9,2023-04-30 14:03:13
6613ea1dfc13ae1a78abb2fe,6613e937fc13ae1aedaba4f8,6613e921fc13ae1a78abb0e7,2023-05-25 12:36:56
6613ea1dfc13ae1a78abb2ff,6613e936fc13ae1aedaba3ed,6613e921fc13ae1a78abb058,2023-06-07 08:50:06
6613ea1dfc13ae1a78abb300,6613e938fc13ae1aedaba543,6613e920fc13ae1a78abaea3,2023-07-21 11:01:41
6613ea1dfc13ae1a78abb301,6613e939fc13ae1aedaba684,6613e921fc13ae1a78abaf0e,2023-07-17 18:45:46
6613ea1dfc13ae1a78abb302,6613e937fc13ae1aedaba502,6613e921fc13ae1a78abafb3,2023-10-21 12:26:58
6613ea1dfc13ae1a78abb303,6613e938fc13ae1aedaba5a1,6613e921fc13ae1a78abaeff,2023-12-17 02:20:56
6613ea1dfc13ae1a78abb304,6613e937fc13ae1aedaba4c2,6613e920fc13ae1a78abad69,2023-05-21 15:42:17
6613ea1dfc13ae1a78abb305,6613e937fc13ae1aedaba531,6613e921fc13ae1a78abafbd,2024-02-27 18:47:57
6613ea1dfc13ae1a78abb306,6613e935fc13ae1aedaba3bc,6613e921fc13ae1a78abaf46,2023-09-29 22:26:13
6613ea1dfc13ae1a78abb307,6613e935fc13ae1aedaba359,6613e921fc13ae1a78abafc3,2024-02-27 10:30:01
6613ea1dfc13ae1a78abb308,6613e938fc13ae1aedaba59e,6613e921fc13ae1a78abb095,2023-08-28 16:29:46
6613ea1dfc13ae1a78abb309,6613e938fc13ae1aedaba551,6613e921fc13ae1a78abb087,2023-10-27 20:25:22
6613ea1dfc13ae1a78abb30a,6613e935fc13ae1aedaba3b0,6613e920fc13ae1a78abae5a,2023-06-23 01:44:37
6613ea1dfc13ae1a78abb30b,6613e939fc13ae1aedaba65a,6613e920fc13ae1a78abadb5,2023-11-02 10:31:46
6613ea1dfc13ae1a78abb30c,6613e939fc13ae1aedaba68b,6613e920fc13ae1a78abae83,2023-08-01 11:54:13
6613ea1dfc13ae1a78abb30d,6613e936fc13ae1aedaba3df,6613e920fc13ae1a78abad94,2023-12-09 20:02:25
6613ea1dfc13ae1a78abb30e,6613e937fc13ae1aedaba505,6613e920fc13ae1a78abadbf,2023-12-01 12:30:17
6613ea1dfc13ae1a78abb30f,6613e935fc13ae1aedaba3ba,6613e921fc13ae1a78abb067,2024-02-20 23:42:02
6613ea1dfc13ae1a78abb310,6613e938fc13ae1aedaba55a,6613e920fc13ae1a78abadc5,2023-12-09 15:21:01
6613ea1dfc13ae1a78abb311,6613e939fc13ae1aedaba5ed,6613e921fc13ae1a78abaedd,2024-01-25 20:07:48
6613ea1dfc13ae1a78abb312,6613e935fc13ae1aedaba3a0,6613e921fc13ae1a78abb10e,2023-05-10 14:36:53
6613ea1dfc13ae1a78abb313,6613e938fc13ae1aedaba5cb,6613e920fc13ae1a78abaea2,2023-10-08 16:11:11
6613ea1dfc13ae1a78abb314,6613e938fc13ae1aedaba54e,6613e920fc13ae1a78abada7,2023-10-18 05:11:12
6613ea1dfc13ae1a78abb315,6613e939fc13ae1aedaba645,6613e921fc13ae1a78abb0bd,2023-07-08 20:37:23
6613ea1dfc13ae1a78abb316,6613e937fc13ae1aedaba529,6613e920fc13ae1a78abae7c,2024-01-23 15:24:37
6613ea1dfc13ae1a78abb317,6613e935fc13ae1aedaba376,6613e920fc13ae1a78abae48,2024-02-21 06:17:27
6613ea1dfc13ae1a78abb318,6613e93afc13ae1aedaba6c6,6613e921fc13ae1a78abafe1,2023-11-02 10:03:39
6613ea1dfc13ae1a78abb319,6613e93afc13ae1aedaba6e4,6613e921fc13ae1a78abaf2a,2024-01-19 02:21:53
6613ea1dfc13ae1a78abb31a,6613e935fc13ae1aedaba35f,6613e921fc13ae1a78abb11f,2024-03-12 23:45:19
6613ea1dfc13ae1a78abb31b,6613e936fc13ae1aedaba477,6613e920fc13ae1a78abad40,2024-03-09 09:57:22
6613ea1dfc13ae1a78abb31c,6613e935fc13ae1aedaba38b,6613e920fc13ae1a78abadcc,2023-09-05 19:23:33
6613ea1dfc13ae1a78abb31d,6613e93afc13ae1aedaba6b7,6613e921fc13ae1a78abb02d,2024-04-05 00:57:09
6613ea1dfc13ae1a78abb31e,6613e93afc13ae1aedaba6ee,6613e920fc13ae1a78abadf0,2023-06-05 21:03:44
6613ea1dfc13ae1a78abb31f,6613e937fc13ae1aedaba534,6613e921fc13ae1a78abb015,2023-04-21 05:14:03
6613ea1dfc13ae1a78abb320,6613e938fc13ae1aedaba53d,6613e921fc13ae1a78abb033,2024-01-26 07:07:13
6613ea1dfc13ae1a78abb321,6613e939fc13ae1aedaba671,6613e920fc13ae1a78abae59,2023-11-19 10:22:18
6613ea1dfc13ae1a78abb322,6613e937fc13ae1aedaba500,6613e921fc13ae1a78abb05b,2023-06-11 05:41:21
6613ea1dfc13ae1a78abb323,6613e935fc13ae1aedaba36e,6613e920fc13ae1a78abae35,2023-11-07 03:17:48
6613ea1dfc13ae1a78abb324,6613e937fc13ae1aedaba527,6613e920fc13ae1a78abad9a,2023-11-28 00:35:10
6613ea1dfc13ae1a78abb325,6613e935fc13ae1aedaba360,6613e920fc13ae1a78abae34,2024-01-26 16:45:35
6613ea1dfc13ae1a78abb326,6613e938fc13ae1aedaba59a,6613e921fc13ae1a78abb0e7,2023-10-06 20:58:37
6613ea1dfc13ae1a78abb327,6613e939fc13ae1aedaba65d,6613e921fc13ae1a78abb02f,2024-01-25 05:19:23
6613ea1dfc13ae1a78abb328,6613e938fc13ae1aedaba577,6613e920fc13ae1a78abadf1,2023-12-04 04:50:04
6613ea1dfc13ae1a78abb329,6613e938fc13ae1aedaba5c1,6613e921fc13ae1a78abaf08,2024-03-28 23:12:46
6613ea1dfc13ae1a78abb32a,6613e939fc13ae1aedaba65b,6613e920fc13ae1a78abae1b,2023-10-19 15:01:11
6613ea1dfc13ae1a78abb32b,6613e939fc13ae1aedaba60c,6613e921fc13ae1a78abafa3,2023-07-11 05:06:51
6613ea1dfc13ae1a78abb32c,6613e939fc13ae1aedaba684,6613e921fc13ae1a78abb0cb,2023-07-04 02:58:16
6613ea1dfc13ae1a78abb32d,6613e935fc13ae1aedaba366,6613e921fc13ae1a78abb073,2023-10-16 16:32:45
6613ea1dfc13ae1a78abb32e,6613e939fc13ae1aedaba626,6613e921fc13ae1a78abaf83,2023-06-26 08:50:23
6613ea1dfc13ae1a78abb32f,6613e938fc13ae1aedaba589,6613e921fc13ae1a78abaf8e,2023-12-15 06:41:47
6613ea1dfc13ae1a78abb330,6613e939fc13ae1aedaba65c,6613e920fc13ae1a78abae92,2023-06-10 02:50:28
6613ea1dfc13ae1a78abb331,6613e939fc13ae1aedaba5e0,6613e920fc13ae1a78abadf4,2024-04-03 10:05:38
6613ea1dfc13ae1a78abb332,6613e939fc13ae1aedaba672,6613e921fc13ae1a78abb11e,2023-10-04 00:52:19
6613ea1dfc13ae1a78abb333,6613e93afc13ae1aedaba706,6613e920fc13ae1a78abae1e,2023-07-17 23:05:20
6613ea1dfc13ae1a78abb334,6613e937fc13ae1aedaba4f2,6613e921fc13ae1a78abaeec,2023-09-04 04:40:39
6613ea1dfc13ae1a78abb335,6613e939fc13ae1aedaba5eb,6613e921fc13ae1a78abaf64,2023-06-02 00:30:53
6613ea1dfc13ae1a78abb336,6613e939fc13ae1aedaba5e4,6613e921fc13ae1a78abb11c,2023-11-25 11:50:54
6613ea1dfc13ae1a78abb337,6613e939fc13ae1aedaba67e,6613e921fc13ae1a78abb078,2023-12-01 19:10:15
6613ea1dfc13ae1a78abb338,6613e935fc13ae1aedaba3c4,6613e920fc13ae1a78abada1,2024-03-20 23:48:05
6613ea1dfc13ae1a78abb339,6613e938fc13ae1aedaba576,6613e921fc13ae1a78abb04e,2024-03-29 10:02:29
6613ea1dfc13ae1a78abb33a,6613e93afc13ae1aedaba6f5,6613e921fc13ae1a78abaf34,2023-10-12 16:36:31
6613ea1dfc13ae1a78abb33b,6613e935fc13ae1aedaba357,6613e920fc13ae1a78abae87,2023-09-19 20:33:33
6613ea1dfc13ae1a78abb33c,6613e937fc13ae1aedaba4dd,6613e921fc13ae1a78abaff2,2024-03-17 17:59:46
6613ea1dfc13ae1a78abb33d,6613e937fc13ae1aedaba508,6613e920fc13ae1a78abada4,2023-05-08 09:39:10
6613ea1dfc13ae1a78abb33e,6613e937fc13ae1aedaba4a5,6613e920fc13ae1a78abae86,2023-06-07 07:08:54
6613ea1dfc13ae1a78abb33f,6613e936fc13ae1aedaba3d3,6613e921fc13ae1a78abaf32,2024-03-16 11:07:01
6613ea1dfc13ae1a78abb340,6613e93afc13ae1aedaba6e4,6613e921fc13ae1a78abb082,2024-03-31 15:31:55
6613ea1dfc13ae1a78abb341,6613e937fc13ae1aedaba4c4,6613e921fc13ae1a78abb0cc,2024-01-18 21:43:31
6613ea1dfc13ae1a78abb342,6613e939fc13ae1aedaba62d,6613e921fc13ae1a78abaf85,2023-11-15 04:28:43
6613ea1dfc13ae1a78abb343,6613e939fc13ae1aedaba677,6613e921fc13ae1a78abb015,2023-04-25 23:25:05
6613ea1dfc13ae1a78abb344,6613e935fc13ae1aedaba368,6613e920fc13ae1a78abae3e,2024-01-25 23:30:44
6613ea1dfc13ae1a78abb345,6613e937fc13ae1aedaba484,6613e921fc13ae1a78abaf26,2023-12-30 06:58:19
6613ea1dfc13ae1a78abb346,6613e939fc13ae1aedaba66c,6613e921fc13ae1a78abb035,2023-11-21 22:32:07
6613ea1dfc13ae1a78abb347,6613e937fc13ae1aedaba48a,6613e921fc13ae1a78abaf54,2024-03-29 13:13:18
6613ea1dfc13ae1a78abb348,6613e938fc13ae1aedaba538,6613e921fc13ae1a78abb006,2024-01-07 20:18:47
6613ea1dfc13ae1a78abb349,6613e939fc13ae1aedaba682,6613e920fc13ae1a78abae19,2023-11-19 21:07:16
6613ea1dfc13ae1a78abb34a,6613e937fc13ae1aedaba4ce,6613e921fc13ae1a78abb011,2023-09-22 19:43:09
6613ea1dfc13ae1a78abb34b,6613e936fc13ae1aedaba3cd,6613e920fc13ae1a78abad76,2023-08-23 08:59:17
6613ea1dfc13ae1a78abb34c,6613e935fc13ae1aedaba341,6613e921fc13ae1a78abb0a4,2024-02-01 13:56:32
6613ea1dfc13ae1a78abb34d,6613e93afc13ae1aedaba6e0,6613e921fc13ae1a78abafe1,2023-05-29 01:43:05
6613ea1dfc13ae1a78abb34e,6613e937fc13ae1aedaba4d3,6613e920fc13ae1a78abadd9,2023-05-28 02:52:35
6613ea1dfc13ae1a78abb34f,6613e939fc13ae1aedaba62d,6613e920fc13ae1a78abad40,2023-09-07 16:16:50
6613ea1dfc13ae1a78abb350,6613e936fc13ae1aedaba45c,6613e921fc13ae1a78abb062,2024-03-14 18:14:30
6613ea1dfc13ae1a78abb351,6613e937fc13ae1aedaba524,6613e920fc13ae1a78abadd1,2023-09-30 08:03:22
6613ea1dfc13ae1a78abb352,6613e938fc13ae1aedaba5a6,6613e921fc13ae1a78abb004,2023-07-24 17:39:55
6613ea1dfc13ae1a78abb353,6613e939fc13ae1aedaba657,6613e921fc13ae1a78abb0a3,2023-11-17 14:40:42
6613ea1dfc13ae1a78abb354,6613e936fc13ae1aedaba46d,6613e921fc13ae1a78abb122,2023-04-24 02:45:53
6613ea1dfc13ae1a78abb355,6613e93afc13ae1aedaba6b8,6613e921fc13ae1a78abaf4b,2023-05-15 21:01:50
6613ea1dfc13ae1a78abb356,6613e939fc13ae1aedaba645,6613e921fc13ae1a78abb07c,2023-05-22 12:48:58
6613ea1dfc13ae1a78abb357,6613e936fc13ae1aedaba438,6613e920fc13ae1a78abad62,2024-02-23 12:52:20
6613ea1dfc13ae1a78abb358,6613e935fc13ae1aedaba35b,6613e921fc13ae1a78abb108,2023-11-24 13:30:35
6613ea1dfc13ae1a78abb359,6613e937fc13ae1aedaba520,6613e921fc13ae1a78abb052,2024-01-14 02:32:41
6613ea1dfc13ae1a78abb35a,6613e93afc13ae1aedaba70e,6613e920fc13ae1a78abaec0,2023-05-07 21:19:40
6613ea1dfc13ae1a78abb35b,6613e936fc13ae1aedaba425,6613e921fc13ae1a78abafbe,2024-01-07 00:10:16
6613ea1dfc13ae1a78abb35c,6613e936fc13ae1aedaba3de,6613e920fc13ae1a78abadc9,2023-05-17 03:50:13
6613ea1dfc13ae1a78abb35d,6613e93afc13ae1aedaba6bb,6613e921fc13ae1a78abb01e,2023-08-25 04:39:35
6613ea1dfc13ae1a78abb35e,6613e935fc13ae1aedaba342,6613e921fc13ae1a78abb09d,2023-07-20 22:59:12
6613ea1dfc13ae1a78abb35f,6613e938fc13ae1aedaba591,6613e921fc13ae1a78abafed,2023-07-23 10:21:06
6613ea1dfc13ae1a78abb360,6613e939fc13ae1aedaba5f3,6613e920fc13ae1a78abad9f,2024-04-02 06:16:08
6613ea1dfc13ae1a78abb361,6613e938fc13ae1aedaba561,6613e921fc13ae1a78abb0ec,2023-06-03 14:07:35
6613ea1dfc13ae1a78abb362,6613e936fc13ae1aedaba3da,6613e921fc13ae1a78abafff,2023-11-23 01:27:10
6613ea1dfc13ae1a78abb363,6613e939fc13ae1aedaba66e,6613e920fc13ae1a78abad5e,2023-10-07 06:29:03
6613ea1dfc13ae1a78abb364,6613e935fc13ae1aedaba340,6613e920fc13ae1a78abae17,2024-02-05 13:27:42
6613ea1dfc13ae1a78abb365,6613e938fc13ae1aedaba559,6613e920fc13ae1a78abad49,2024-03-12 02:56:33
6613ea1dfc13ae1a78abb366,6613e936fc13ae1aedaba47d,6613e921fc13ae1a78abb11a,2023-12-23 11:04:16
6613ea1dfc13ae1a78abb367,6613e93afc13ae1aedaba70f,6613e920fc13ae1a78abad65,2023-10-24 04:06:55
6613ea1dfc13ae1a78abb368,6613e936fc13ae1aedaba3f5,6613e921fc13ae1a78abaf44,2023-05-14 01:05:51
6613ea1dfc13ae1a78abb369,6613e938fc13ae1aedaba59a,6613e921fc13ae1a78abb079,2023-08-10 21:40:07
6613ea1dfc13ae1a78abb36a,6613e939fc13ae1aedaba616,6613e920fc13ae1a78abae96,2023-06-22 23:23:04
6613ea1dfc13ae1a78abb36b,6613e939fc13ae1aedaba674,6613e921fc13ae1a78abb0c6,2023-05-30 22:50:46
6613ea1dfc13ae1a78abb36c,6613e937fc13ae1aedaba515,6613e921fc13ae1a78abb08f,2024-01-16 06:06:11
6613ea1dfc13ae1a78abb36d,6613e938fc13ae1aedaba555,6613e921fc13ae1a78abafaa,2023-12-06 11:26:34
6613ea1dfc13ae1a78abb36e,6613e93afc13ae1aedaba6a8,6613e920fc13ae1a78abada6,2023-09-23 13:57:49
6613ea1dfc13ae1a78abb36f,6613e938fc13ae1aedaba5c4,6613e920fc13ae1a78abae8c,2023-07-17 08:42:41
6613ea1dfc13ae1a78abb370,6613e935fc13ae1aedaba3be,6613e921fc13ae1a78abaf55,2023-10-31 13:53:45
6613ea1dfc13ae1a78abb371,6613e936fc13ae1aedaba401,6613e921fc13ae1a78abb0f0,2024-02-02 10:02:13
6613ea1dfc13ae1a78abb372,6613e938fc13ae1aedaba55a,6613e920fc13ae1a78abae57,2023-07-03 14:12:54
6613ea1dfc13ae1a78abb373,6613e936fc13ae1aedaba433,6613e921fc13ae1a78abaf27,2023-07-11 11:00:59
6613ea1dfc13ae1a78abb374,6613e939fc13ae1aedaba683,6613e921fc13ae1a78abaf42,2023-04-16 02:25:55
6613ea1dfc13ae1a78abb375,6613e936fc13ae1aedaba3d2,6613e920fc13ae1a78abade7,2023-06-29 05:47:35
6613ea1dfc13ae1a78abb376,6613e939fc13ae1aedaba653,6613e921fc13ae1a78abb05e,2024-02-17 02:27:29
6613ea1dfc13ae1a78abb377,6613e938fc13ae1aedaba581,6613e921fc13ae1a78abb056,2023-08-13 08:45:36
6613ea1dfc13ae1a78abb378,6613e939fc13ae1aedaba655,6613e920fc13ae1a78abad8c,2023-09-04 03:33:50
6613ea1dfc13ae1a78abb379,6613e939fc13ae1aedaba69f,6613e921fc13ae1a78abb01f,2023-11-12 14:22:59
6613ea1dfc13ae1a78abb37a,6613e937fc13ae1aedaba4e4,6613e921fc13ae1a78abb0e4,2023-10-22 00:01:42
6613ea1dfc13ae1a78abb37b,6613e936fc13ae1aedaba407,6613e920fc13ae1a78abadf9,2023-08-11 12:41:26
6613ea1dfc13ae1a78abb37c,6613e938fc13ae1aedaba578,6613e921fc13ae1a78abb009,2023-05-23 02:05:22
6613ea1dfc13ae1a78abb37d,6613e935fc13ae1aedaba386,6613e920fc13ae1a78abad86,2024-03-25 23:10:37
6613ea1dfc13ae1a78abb37e,6613e93afc13ae1aedaba6de,6613e921fc13ae1a78abaf05,2024-02-05 08:14:52
6613ea1dfc13ae1a78abb37f,6613e938fc13ae1aedaba543,6613e920fc13ae1a78abad76,2023-06-15 20:55:25
6613ea1dfc13ae1a78abb380,6613e936fc13ae1aedaba3fc,6613e921fc13ae1a78abafe2,2023-12-02 02:37:51
6613ea1dfc13ae1a78abb381,6613e937fc13ae1aedaba50a,6613e921fc13ae1a78abb050,2024-02-09 10:48:55
6613ea1dfc13ae1a78abb382,6613e936fc13ae1aedaba46d,6613e921fc13ae1a78abb0f5,2024-02-29 23:55:10
6613ea1dfc13ae1a78abb383,6613e93afc13ae1aedaba6a8,6613e921fc13ae1a78abafbe,2023-10-23 04:34:53
6613ea1dfc13ae1a78abb384,6613e93afc13ae1aedaba6a4,6613e920fc13ae1a78abae29,2024-03-24 18:06:45
6613ea1dfc13ae1a78abb385,6613e93afc13ae1aedaba6db,6613e921fc13ae1a78abaf39,2023-12-16 18:36:40
6613ea1dfc13ae1a78abb386,6613e935fc13ae1aedaba39c,6613e921fc13ae1a78abb07c,2023-09-03 08:41:49
6613ea1dfc13ae1a78abb387,6613e935fc13ae1aedaba356,6613e921fc13ae1a78abb0fa,2023-09-12 23:51:08
6613ea1dfc13ae1a78abb388,6613e938fc13ae1aedaba538,6613e921fc13ae1a78abb0a8,2023-06-09 21:21:19
6613ea1dfc13ae1a78abb389,6613e939fc13ae1aedaba665,6613e920fc13ae1a78abaed3,2023-11-08 13:01:45
6613ea1dfc13ae1a78abb38a,6613e935fc13ae1aedaba33a,6613e921fc13ae1a78abb0cd,2023-05-01 05:12:12
6613ea1dfc13ae1a78abb38b,6613e935fc13ae1aedaba3ba,6613e921fc13ae1a78abb028,2023-12-10 13:36:01
6613ea1dfc13ae1a78abb38c,6613e936fc13ae1aedaba431,6613e921fc13ae1a78abaf69,2023-07-05 22:18:30
6613ea1dfc13ae1a78abb38d,6613e939fc13ae1aedaba5e1,6613e920fc13ae1a78abae3d,2023-05-10 08:04:27
6613ea1dfc13ae1a78abb38e,6613e936fc13ae1aedaba42d,6613e921fc13ae1a78abafac,2024-01-13 11:45:27
6613ea1dfc13ae1a78abb38f,6613e93afc13ae1aedaba6ec,6613e920fc13ae1a78abadd1,2023-06-02 20:55:57
6613ea1dfc13ae1a78abb390,6613e935fc13ae1aedaba349,6613e920fc13ae1a78abade7,2023-10-21 14:36:49
6613ea1dfc13ae1a78abb391,6613e935fc13ae1aedaba341,6613e921fc13ae1a78abb00e,2023-11-27 22:38:45
6613ea1dfc13ae1a78abb392,6613e938fc13ae1aedaba57f,6613e920fc13ae1a78abae37,2023-05-01 18:26:30
6613ea1dfc13ae1a78abb393,6613e939fc13ae1aedaba698,6613e920fc13ae1a78abad46,2023-10-19 06:12:14
6613ea1dfc13ae1a78abb394,6613e93afc13ae1aedaba6ea,6613e920fc13ae1a78abae7d,2023-10-24 13:27:02
6613ea1dfc13ae1a78abb395,6613e939fc13ae1aedaba68d,6613e921fc13ae1a78abb0d1,2024-04-05 14:47:01
6613ea1dfc13ae1a78abb396,6613e935fc13ae1aedaba36d,6613e920fc13ae1a78abaebd,2023-09-26 20:27:27
6613ea1dfc13ae1a78abb397,6613e939fc13ae1aedaba627,6613e920fc13ae1a78abad6f,2023-12-22 04:47:15
6613ea1dfc13ae1a78abb398,6613e938fc13ae1aedaba545,6613e920fc13ae1a78abadd5,2023-06-09 06:39:15
6613ea1dfc13ae1a78abb399,6613e939fc13ae1aedaba5e1,6613e920fc13ae1a78abadee,2024-03-31 18:30:17
6613ea1efc13ae1a78abb39a,6613e936fc13ae1aedaba440,6613e921fc13ae1a78abafbb,2023-08-22 19:12:41
6613ea1efc13ae1a78abb39b,6613e937fc13ae1aedaba504,6613e921fc13ae1a78abaf54,2024-02-08 23:40:59
6613ea1efc13ae1a78abb39c,6613e938fc13ae1aedaba57a,6613e921fc13ae1a78abb0aa,2023-06-01 02:41:09
6613ea1efc13ae1a78abb39d,6613e937fc13ae1aedaba528,6613e920fc13ae1a78abadf3,2024-01-28 05:01:47
6613ea1efc13ae1a78abb39e,6613e938fc13ae1aedaba55c,6613e921fc13ae1a78abaf8d,2023-10-18 12:09:58
6613ea1efc13ae1a78abb39f,6613e939fc13ae1aedaba638,6613e921fc13ae1a78abaf66,2023-07-05 19:25:46
6613ea1efc13ae1a78abb3a0,6613e938fc13ae1aedaba5d6,6613e921fc13ae1a78abaef0,2024-02-11 10:22:23
6613ea1efc13ae1a78abb3a1,6613e937fc13ae1aedaba4c0,6613e921fc13ae1a78abaf79,2023-05-14 13:16:05
6613ea1efc13ae1a78abb3a2,6613e939fc13ae1aedaba635,6613e920fc13ae1a78abae39,2024-01-08 17:33:22
6613ea1efc13ae1a78abb3a3,6613e939fc13ae1aedaba654,6613e920fc13ae1a78abad8e,2024-04-07 08:44:20
6613ea1efc13ae1a78abb3a4,6613e936fc13ae1aedaba470,6613e920fc13ae1a78abad8d,2023-11-03 11:02:34
6613ea1efc13ae1a78abb3a5,6613e937fc13ae1aedaba4e0,6613e921fc13ae1a78abb0b0,2024-04-04 17:17:33
6613ea1efc13ae1a78abb3a6,6613e936fc13ae1aedaba41c,6613e921fc13ae1a78abb0b2,2023-04-10 12:24:55
6613ea1efc13ae1a78abb3a7,6613e939fc13ae1aedaba65a,6613e920fc13ae1a78abae32,2023-09-30 10:10:57
6613ea1efc13ae1a78abb3a8,6613e93afc13ae1aedaba6a8,6613e921fc13ae1a78abb08f,2023-05-23 11:41:48
6613ea1efc13ae1a78abb3a9,6613e937fc13ae1aedaba497,6613e920fc13ae1a78abae0c,2024-02-07 00:50:08
6613ea1efc13ae1a78abb3aa,6613e935fc13ae1aedaba34a,6613e921fc13ae1a78abb03d,2023-11-20 13:03:25
6613ea1efc13ae1a78abb3ab,6613e938fc13ae1aedaba54a,6613e920fc13ae1a78abae86,2023-05-25 12:09:25
6613ea1efc13ae1a78abb3ac,6613e938fc13ae1aedaba5d6,6613e921fc13ae1a78abaf70,2024-02-19 19:22:44
6613ea1efc13ae1a78abb3ad,6613e93afc13ae1aedaba710,6613e920fc13ae1a78abadc1,2023-10-09 10:18:42
6613ea1efc13ae1a78abb3ae,6613e936fc13ae1aedaba3f5,6613e921fc13ae1a78abb042,2023-05-25 04:47:34
6613ea1efc13ae1a78abb3af,6613e938fc13ae1aedaba542,6613e921fc13ae1a78abaf99,2023-06-13 18:40:06
6613ea1efc13ae1a78abb3b0,6613e939fc13ae1aedaba698,6613e921fc13ae1a78abb020,2024-02-15 18:45:04
6613ea1efc13ae1a78abb3b1,6613e937fc13ae1aedaba4ae,6613e921fc13ae1a78abb0e1,2024-02-10 08:24:08
6613ea1efc13ae1a78abb3b2,6613e93afc13ae1aedaba6e0,6613e921fc13ae1a78abaf45,2023-07-08 03:43:22
6613ea1efc13ae1a78abb3b3,6613e938fc13ae1aedaba5a6,6613e920fc13ae1a78abad59,2023-10-14 21:59:39
6613ea1efc13ae1a78abb3b4,6613e937fc13ae1aedaba4fd,6613e921fc13ae1a78abb0ae,2023-11-26 05:15:15
6613ea1efc13ae1a78abb3b5,6613e936fc13ae1aedaba44d,6613e920fc13ae1a78abae0a,2023-12-01 07:22:50
6613ea1efc13ae1a78abb3b6,6613e936fc13ae1aedaba47d,6613e921fc13ae1a78abb05c,2023-08-23 08:46:55
6613ea1efc13ae1a78abb3b7,6613e938fc13ae1aedaba5b5,6613e920fc13ae1a78abadfd,2023-12-20 16:57:26
6613ea1efc13ae1a78abb3b8,6613e939fc13ae1aedaba607,6613e921fc13ae1a78abaf83,2024-01-08 02:53:06
6613ea1efc13ae1a78abb3b9,6613e939fc13ae1aedaba647,6613e920fc13ae1a78abad4a,2023-06-03 21:19:39
6613ea1efc13ae1a78abb3ba,6613e93afc13ae1aedaba6b7,6613e920fc13ae1a78abae7e,2023-09-10 14:25:57
6613ea1efc13ae1a78abb3bb,6613e93afc13ae1aedaba6fa,6613e920fc13ae1a78abad3e,2023-08-19 12:15:22
6613ea1efc13ae1a78abb3bc,6613e939fc13ae1aedaba608,6613e921fc13ae1a78abb0c3,2023-07-01 08:41:24
6613ea1efc13ae1a78abb3bd,6613e939fc13ae1aedaba690,6613e921fc13ae1a78abb00e,2023-06-27 01:24:29
6613ea1efc13ae1a78abb3be,6613e936fc13ae1aedaba430,6613e920fc13ae1a78abae9b,2023-09-12 01:51:08
6613ea1efc13ae1a78abb3bf,6613e939fc13ae1aedaba68f,6613e920fc13ae1a78abad5f,2023-04-10 00:18:48
6613ea1efc13ae1a78abb3c0,6613e938fc13ae1aedaba541,6613e921fc13ae1a78abafa9,2023-09-26 06:14:38
6613ea1efc13ae1a78abb3c1,6613e936fc13ae1aedaba3cd,6613e921fc13ae1a78abaf1f,2023-11-19 19:00:00
6613ea1efc13ae1a78abb3c2,6613e938fc13ae1aedaba59c,6613e920fc13ae1a78abae17,2024-01-12 00:00:15
6613ea1efc13ae1a78abb3c3,6613e938fc13ae1aedaba5bc,6613e921fc13ae1a78abb085,2024-03-24 11:01:58
6613ea1efc13ae1a78abb3c4,6613e938fc13ae1aedaba570,6613e921fc13ae1a78abb078,2023-04-20 00:28:51
6613ea1efc13ae1a78abb3c5,6613e936fc13ae1aedaba430,6613e920fc13ae1a78abad9c,2023-10-24 09:13:05
6613ea1efc13ae1a78abb3c6,6613e939fc13ae1aedaba65b,6613e921fc13ae1a78abaf83,2023-05-05 14:33:54
6613ea1efc13ae1a78abb3c7,6613e937fc13ae1aedaba4e2,6613e921fc13ae1a78abb11e,2023-04-13 04:05:35
6613ea1efc13ae1a78abb3c8,6613e936fc13ae1aedaba454,6613e921fc13ae1a78abaede,2024-01-02 00:15:48
6613ea1efc13ae1a78abb3c9,6613e937fc13ae1aedaba529,6613e921fc13ae1a78abb09a,2023-06-09 04:18:44
6613ea1efc13ae1a78abb3ca,6613e939fc13ae1aedaba673,6613e920fc13ae1a78abaea5,2023-07-13 06:49:47
6613ea1efc13ae1a78abb3cb,6613e936fc13ae1aedaba449,6613e921fc13ae1a78abb0ea,2024-03-27 14:01:08
6613ea1efc13ae1a78abb3cc,6613e939fc13ae1aedaba695,6613e921fc13ae1a78abb08a,2023-07-16 14:52:53
6613ea1efc13ae1a78abb3cd,6613e939fc13ae1aedaba698,6613e921fc13ae1a78abaee9,2023-07-12 12:56:53
6613ea1efc13ae1a78abb3ce,6613e93afc13ae1aedaba6d0,6613e921fc13ae1a78abaf32,2024-03-19 16:01:12
6613ea1efc13ae1a78abb3cf,6613e936fc13ae1aedaba425,6613e921fc13ae1a78abb06a,2024-01-25 12:28:16
6613ea1efc13ae1a78abb3d0,6613e935fc13ae1aedaba375,6613e921fc13ae1a78abb051,2023-10-27 13:04:19
6613ea1efc13ae1a78abb3d1,6613e938fc13ae1aedaba576,6613e921fc13ae1a78abafe9,2023-12-14 03:33:35
6613ea1efc13ae1a78abb3d2,6613e936fc13ae1aedaba3e2,6613e920fc13ae1a78abadde,2024-03-13 04:45:34
6613ea1efc13ae1a78abb3d3,6613e936fc13ae1aedaba3eb,6613e921fc13ae1a78abb08f,2023-08-29 04:36:13
6613ea1efc13ae1a78abb3d4,6613e935fc13ae1aedaba3bb,6613e921fc13ae1a78abb026,2023-05-03 16:41:04
6613ea1efc13ae1a78abb3d5,6613e937fc13ae1aedaba4f3,6613e921fc13ae1a78abaee6,2023-05-02 04:03:17
6613ea1efc13ae1a78abb3d6,6613e93afc13ae1aedaba6b1,6613e920fc13ae1a78abae69,2023-04-12 14:36:35
6613ea1efc13ae1a78abb3d7,6613e937fc13ae1aedaba4dc,6613e920fc13ae1a78abad42,2023-10-10 11:02:02
6613ea1efc13ae1a78abb3d8,6613e939fc13ae1aedaba681,6613e921fc13ae1a78abaef6,2023-04-26 20:14:48
6613ea1efc13ae1a78abb3d9,6613e939fc13ae1aedaba65c,6613e921fc13ae1a78abaf77,2024-02-19 23:05:10
6613ea1efc13ae1a78abb3da,6613e93afc13ae1aedaba703,6613e920fc13ae1a78abaecd,2023-09-15 18:10:13
6613ea1efc13ae1a78abb3db,6613e937fc13ae1aedaba4f7,6613e921fc13ae1a78abafb5,2023-12-19 01:35:57
6613ea1efc13ae1a78abb3dc,6613e938fc13ae1aedaba55b,6613e921fc13ae1a78abaf66,2024-02-01 20:12:35
6613ea1efc13ae1a78abb3dd,6613e938fc13ae1aedaba56f,6613e921fc13ae1a78abafcf,2023-08-01 14:04:19
6613ea1efc13ae1a78abb3de,6613e936fc13ae1aedaba3d1,6613e920fc13ae1a78abad69,2023-11-18 02:42:42
6613ea1efc13ae1a78abb3df,6613e939fc13ae1aedaba611,6613e921fc13ae1a78abb08e,2024-03-03 01:34:00
6613ea1efc13ae1a78abb3e0,6613e939fc13ae1aedaba635,6613e920fc13ae1a78abae3e,2023-09-04 00:44:05
6613ea1efc13ae1a78abb3e1,6613e938fc13ae1aedaba5c4,6613e921fc13ae1a78abb0e3,2023-04-17 19:22:26
6613ea1efc13ae1a78abb3e2,6613e936fc13ae1aedaba451,6613e920fc13ae1a78abadb1,2024-01-03 10:44:03
6613ea1efc13ae1a78abb3e3,6613e939fc13ae1aedaba64e,6613e920fc13ae1a78abadb1,2023-08-23 23:20:57
6613ea1efc13ae1a78abb3e4,6613e939fc13ae1aedaba644,6613e920fc13ae1a78abada7,2023-05-11 14:16:11
6613ea1efc13ae1a78abb3e5,6613e938fc13ae1aedaba541,6613e920fc13ae1a78abad6c,2023-08-09 08:04:58
6613ea1efc13ae1a78abb3e6,6613e93afc13ae1aedaba6c9,6613e921fc13ae1a78abb0f7,2024-03-15 06:37:08
6613ea1efc13ae1a78abb3e7,6613e936fc13ae1aedaba41d,6613e920fc13ae1a78abad6c,2023-07-25 13:19:57
6613ea1efc13ae1a78abb3e8,6613e936fc13ae1aedaba3ef,6613e921fc13ae1a78abb0fa,2024-02-20 04:22:31
6613ea1efc13ae1a78abb3e9,6613e937fc13ae1aedaba51d,6613e920fc13ae1a78abae0d,2023-04-22 18:24:32
6613ea1efc13ae1a78abb3ea,6613e938fc13ae1aedaba582,6613e920fc13ae1a78abae73,2023-04-17 07:13:25
6613ea1efc13ae1a78abb3eb,6613e939fc13ae1aedaba646,6613e921fc13ae1a78abafe4,2023-05-28 06:15:14
6613ea1efc13ae1a78abb3ec,6613e935fc13ae1aedaba37c,6613e920fc13ae1a78abae29,2024-03-03 06:04:10
6613ea1efc13ae1a78abb3ed,6613e935fc13ae1aedaba3c4,6613e920fc13ae1a78abad6f,2023-04-26 06:07:05
6613ea1efc13ae1a78abb3ee,6613e936fc13ae1aedaba46c,6613e921fc13ae1a78abb116,2023-08-09 06:33:13
6613ea1efc13ae1a78abb3ef,6613e938fc13ae1aedaba547,6613e921fc13ae1a78abafa2,2023-10-10 00:09:40
6613ea1efc13ae1a78abb3f0,6613e936fc13ae1aedaba41a,6613e920fc13ae1a78abad46,2023-12-08 16:36:36
6613ea1efc13ae1a78abb3f1,6613e939fc13ae1aedaba641,6613e921fc13ae1a78abafd5,2023-08-26 04:20:16
6613ea1efc13ae1a78abb3f2,6613e938fc13ae1aedaba558,6613e921fc13ae1a78abaf0e,2024-02-29 12:18:04
6613ea1efc13ae1a78abb3f3,6613e93afc13ae1aedaba6b4,6613e921fc13ae1a78abb085,2023-06-15 07:01:45
6613ea1efc13ae1a78abb3f4,6613e939fc13ae1aedaba61b,6613e921fc13ae1a78abaf73,2024-03-01 23:44:23
6613ea1efc13ae1a78abb3f5,6613e935fc13ae1aedaba355,6613e920fc13ae1a78abaed6,2024-03-12 23:13:45
6613ea1efc13ae1a78abb3f6,6613e938fc13ae1aedaba5b7,6613e920fc13ae1a78abaeca,2023-05-19 14:03:00
6613ea1efc13ae1a78abb3f7,6613e937fc13ae1aedaba502,6613e920fc13ae1a78abadff,2023-10-30 08:06:16
6613ea1efc13ae1a78abb3f8,6613e938fc13ae1aedaba57e,6613e920fc13ae1a78abaeb7,2024-01-16 10:57:04
6613ea1efc13ae1a78abb3f9,6613e938fc13ae1aedaba549,6613e920fc13ae1a78abad6e,2023-09-07 01:58:34
6613ea1efc13ae1a78abb3fa,6613e937fc13ae1aedaba4ee,6613e920fc13ae1a78abae27,2023-11-09 01:14:28
6613ea1efc13ae1a78abb3fb,6613e935fc13ae1aedaba338,6613e920fc13ae1a78abae5e,2023-12-22 21:44:45
6613ea1efc13ae1a78abb3fc,6613e938fc13ae1aedaba5c4,6613e921fc13ae1a78abaf3b,2023-06-03 03:02:05
6613ea1efc13ae1a78abb3fd,6613e939fc13ae1aedaba5f9,6613e921fc13ae1a78abb00b,2023-11-24 03:33:34
6613ea1efc13ae1a78abb3fe,6613e937fc13ae1aedaba4c4,6613e920fc13ae1a78abae7b,2023-10-22 01:08:57
6613ea1efc13ae1a78abb3ff,6613e937fc13ae1aedaba4e7,6613e921fc13ae1a78abaf5a,2023-06-23 00:40:56
6613ea1efc13ae1a78abb400,6613e939fc13ae1aedaba5f2,6613e920fc13ae1a78abaea5,2023-08-18 18:47:06
6613ea1efc13ae1a78abb401,6613e935fc13ae1aedaba37d,6613e920fc13ae1a78abad3d,2023-08-11 17:40:08
6613ea1efc13ae1a78abb402,6613e937fc13ae1aedaba4bb,6613e921fc13ae1a78abb106,2023-05-08 21:41:39
6613ea1efc13ae1a78abb403,6613e939fc13ae1aedaba645,6613e921fc13ae1a78abb088,2023-09-04 15:52:57
6613ea1efc13ae1a78abb404,6613e938fc13ae1aedaba5b0,6613e920fc13ae1a78abadf6,2023-09-03 02:52:07
6613ea1efc13ae1a78abb405,6613e937fc13ae1aedaba483,6613e920fc13ae1a78abae90,2023-04-13 15:18:27
6613ea1efc13ae1a78abb406,6613e939fc13ae1aedaba688,6613e921fc13ae1a78abb10d,2024-02-19 20:22:15
6613ea1efc13ae1a78abb407,6613e937fc13ae1aedaba500,6613e921fc13ae1a78abaf8e,2024-01-10 15:10:57
6613ea1efc13ae1a78abb408,6613e936fc13ae1aedaba42d,6613e921fc13ae1a78abb120,2024-04-05 07:37:18
6613ea1efc13ae1a78abb409,6613e939fc13ae1aedaba656,6613e921fc13ae1a78abb001,2023-04-13 00:10:38
6613ea1efc13ae1a78abb40a,6613e937fc13ae1aedaba4ca,6613e921fc13ae1a78abafa5,2024-02-24 15:10:57
6613ea1efc13ae1a78abb40b,6613e939fc13ae1aedaba69f,6613e921fc13ae1a78abb045,2023-10-09 00:31:02
6613ea1efc13ae1a78abb40c,6613e937fc13ae1aedaba4d6,6613e921fc13ae1a78abaffd,2024-04-01 01:20:02
6613ea1efc13ae1a78abb40d,6613e939fc13ae1aedaba694,6613e921fc13ae1a78abafaf,2024-01-21 01:14:20
6613ea1efc13ae1a78abb40e,6613e937fc13ae1aedaba488,6613e920fc13ae1a78abad72,2024-03-06 15:23:55
6613ea1efc13ae1a78abb40f,6613e935fc13ae1aedaba37f,6613e920fc13ae1a78abadd1,2023-10-20 21:21:07
6613ea1efc13ae1a78abb410,6613e936fc13ae1aedaba3d5,6613e921fc13ae1a78abaee6,2023-10-03 08:38:31
6613ea1efc13ae1a78abb411,6613e938fc13ae1aedaba580,6613e921fc13ae1a78abafc0,2023-08-31 14:47:22
6613ea1efc13ae1a78abb412,6613e938fc13ae1aedaba53c,6613e920fc13ae1a78abadd2,2023-12-14 09:14:41
6613ea1efc13ae1a78abb413,6613e935fc13ae1aedaba355,6613e921fc13ae1a78abaefd,2023-05-27 22:49:43
6613ea1efc13ae1a78abb414,6613e936fc13ae1aedaba43f,6613e921fc13ae1a78abafad,2023-09-01 20:51:55
6613ea1efc13ae1a78abb415,6613e935fc13ae1aedaba3a1,6613e920fc13ae1a78abae4a,2023-06-11 08:42:20
6613ea1efc13ae1a78abb416,6613e939fc13ae1aedaba5f8,6613e921fc13ae1a78abb086,2023-11-09 22:12:33
6613ea1efc13ae1a78abb417,6613e936fc13ae1aedaba473,6613e921fc13ae1a78abb001,2024-03-16 21:35:15
6613ea1efc13ae1a78abb418,6613e938fc13ae1aedaba5a0,6613e920fc13ae1a78abae35,2023-10-08 15:12:16
6613ea1efc13ae1a78abb419,6613e93afc13ae1aedaba719,6613e920fc13ae1a78abad6a,2023-08-05 17:20:40
6613ea1efc13ae1a78abb41a,6613e935fc13ae1aedaba376,6613e921fc13ae1a78abb0f2,2023-08-26 17:43:10
6613ea1efc13ae1a78abb41b,6613e937fc13ae1aedaba4c0,6613e921fc13ae1a78abb087,2023-07-29 16:06:51
6613ea1efc13ae1a78abb41c,6613e936fc13ae1aedaba3dc,6613e920fc13ae1a78abae39,2023-12-10 17:46:05
6613ea1efc13ae1a78abb41d,6613e939fc13ae1aedaba68d,6613e921fc13ae1a78abaf5e,2024-01-27 05:28:22
6613ea1efc13ae1a78abb41e,6613e936fc13ae1aedaba452,6613e921fc13ae1a78abaf40,2023-12-26 09:38:52
6613ea1efc13ae1a78abb41f,6613e936fc13ae1aedaba427,6613e921fc13ae1a78abaefd,2023-10-07 23:39:21
6613ea1efc13ae1a78abb420,6613e937fc13ae1aedaba4c9,6613e920fc13ae1a78abad53,2023-05-30 03:38:00
6613ea1efc13ae1a78abb421,6613e939fc13ae1aedaba64a,6613e921fc13ae1a78abaeec,2023-07-03 06:56:51
6613ea1efc13ae1a78abb422,6613e939fc13ae1aedaba669,6613e921fc13ae1a78abaf45,2024-03-29 10:21:34
6613ea1efc13ae1a78abb423,6613e938fc13ae1aedaba5a0,6613e921fc13ae1a78abaf36,2023-08-08 12:58:32
6613ea1efc13ae1a78abb424,6613e937fc13ae1aedaba4f5,6613e921fc13ae1a78abafde,2023-06-26 08:43:02
6613ea1efc13ae1a78abb425,6613e939fc13ae1aedaba601,6613e920fc13ae1a78abae63,2024-03-27 11:51:00
6613ea1efc13ae1a78abb426,6613e936fc13ae1aedaba401,6613e921fc13ae1a78abb03d,2023-11-22 12:54:14
6613ea1efc13ae1a78abb427,6613e938fc13ae1aedaba5af,6613e921fc13ae1a78abaf53,2023-08-07 09:49:31
6613ea1efc13ae1a78abb428,6613e939fc13ae1aedaba647,6613e921fc13ae1a78abaf06,2023-07-08 11:35:20
6613ea1efc13ae1a78abb429,6613e93afc13ae1aedaba6b7,6613e920fc13ae1a78abaed1,2023-11-09 18:29:57
6613ea1efc13ae1a78abb42a,6613e939fc13ae1aedaba667,6613e921fc13ae1a78abb11e,2023-04-30 14:55:12
6613ea1efc13ae1a78abb42b,6613e93afc13ae1aedaba719,6613e921fc13ae1a78abb0c0,2023-07-25 20:28:52
6613ea1efc13ae1a78abb42c,6613e935fc13ae1aedaba3ae,6613e921fc13ae1a78abaee7,2023-05-14 07:31:08
6613ea1efc13ae1a78abb42d,6613e938fc13ae1aedaba573,6613e921fc13ae1a78abaf13,2024-03-01 05:24:29
6613ea1efc13ae1a78abb42e,6613e937fc13ae1aedaba499,6613e921fc13ae1a78abaf8a,2023-10-12 04:08:28
6613ea1efc13ae1a78abb42f,6613e935fc13ae1aedaba360,6613e921fc13ae1a78abb0de,2023-07-29 09:17:11
6613ea1efc13ae1a78abb430,6613e939fc13ae1aedaba637,6613e921fc13ae1a78abb0e4,2023-09-09 02:24:12
6613ea1efc13ae1a78abb431,6613e93afc13ae1aedaba6e8,6613e921fc13ae1a78abb0b3,2023-11-24 02:00:57
6613ea1efc13ae1a78abb432,6613e938fc13ae1aedaba552,6613e921fc13ae1a78abaf8d,2024-03-14 06:00:23
6613ea1efc13ae1a78abb433,6613e939fc13ae1aedaba654,6613e921fc13ae1a78abb03f,2024-03-24 20:04:29
6613ea1efc13ae1a78abb434,6613e937fc13ae1aedaba4d9,6613e921fc13ae1a78abb0b0,2024-03-30 05:30:58
6613ea1efc13ae1a78abb435,6613e939fc13ae1aedaba607,6613e920fc13ae1a78abadab,2023-11-26 04:26:59
6613ea1efc13ae1a78abb436,6613e935fc13ae1aedaba349,6613e920fc13ae1a78abadad,2024-03-08 17:00:26
6613ea1efc13ae1a78abb437,6613e935fc13ae1aedaba364,6613e921fc13ae1a78abaf98,2023-05-11 07:47:43
6613ea1efc13ae1a78abb438,6613e939fc13ae1aedaba616,6613e921fc13ae1a78abb0fd,2024-01-16 12:40:35
6613ea1efc13ae1a78abb439,6613e939fc13ae1aedaba677,6613e920fc13ae1a78abad86,2023-10-22 06:40:24
6613ea1efc13ae1a78abb43a,6613e938fc13ae1aedaba585,6613e920fc13ae1a78abae6e,2023-09-08 20:31:02
6613ea1efc13ae1a78abb43b,6613e93afc13ae1aedaba6fa,6613e921fc13ae1a78abb119,2023-11-02 06:55:40
6613ea1efc13ae1a78abb43c,6613e936fc13ae1aedaba428,6613e921fc13ae1a78abafcf,2024-02-29 21:01:23
6613ea1efc13ae1a78abb43d,6613e937fc13ae1aedaba4fe,6613e920fc13ae1a78abaebd,2023-07-20 04:41:23
6613ea1efc13ae1a78abb43e,6613e939fc13ae1aedaba5fe,6613e921fc13ae1a78abaf73,2024-02-29 17:46:34
6613ea1efc13ae1a78abb43f,6613e939fc13ae1aedaba614,6613e920fc13ae1a78abade7,2024-04-06 09:18:20
6613ea1efc13ae1a78abb440,6613e93afc13ae1aedaba6c0,6613e921fc13ae1a78abaff9,2023-04-14 08:39:30
6613ea1efc13ae1a78abb441,6613e937fc13ae1aedaba4cd,6613e921fc13ae1a78abb0e1,2023-05-31 01:33:29
6613ea1efc13ae1a78abb442,6613e936fc13ae1aedaba3f4,6613e920fc13ae1a78abad48,2024-03-19 16:49:00
6613ea1efc13ae1a78abb443,6613e939fc13ae1aedaba658,6613e921fc13ae1a78abb007,2023-10-13 06:36:54
6613ea1efc13ae1a78abb444,6613e938fc13ae1aedaba593,6613e921fc13ae1a78abb007,2024-04-06 02:00:04
6613ea1efc13ae1a78abb445,6613e936fc13ae1aedaba3e3,6613e920fc13ae1a78abae4b,2023-06-08 22:44:23
6613ea1efc13ae1a78abb446,6613e937fc13ae1aedaba4ef,6613e920fc13ae1a78abad91,2023-08-11 04:14:11
6613ea1efc13ae1a78abb447,6613e935fc13ae1aedaba3a5,6613e921fc13ae1a78abb033,2023-09-14 01:59:05
6613ea1efc13ae1a78abb448,6613e939fc13ae1aedaba632,6613e921fc13ae1a78abaf5d,2023-07-15 06:04:48
6613ea1efc13ae1a78abb449,6613e935fc13ae1aedaba33b,6613e921fc13ae1a78abaf52,2023-09-26 13:03:56
6613ea1efc13ae1a78abb44a,6613e93afc13ae1aedaba6c9,6613e921fc13ae1a78abaf6d,2024-02-21 03:26:07
6613ea1efc13ae1a78abb44b,6613e939fc13ae1aedaba620,6613e920fc13ae1a78abae58,2024-03-25 06:47:59
6613ea1efc13ae1a78abb44c,6613e938fc13ae1aedaba544,6613e920fc13ae1a78abadaa,2024-04-05 08:41:30
6613ea1efc13ae1a78abb44d,6613e939fc13ae1aedaba689,6613e921fc13ae1a78abaf56,2023-07-22 21:50:24
6613ea1efc13ae1a78abb44e,6613e939fc13ae1aedaba5e7,6613e921fc13ae1a78abb065,2024-03-20 16:06:19
6613ea1efc13ae1a78abb44f,6613e937fc13ae1aedaba4ae,6613e920fc13ae1a78abad3d,2023-11-22 12:11:03
6613ea1efc13ae1a78abb450,6613e938fc13ae1aedaba5c9,6613e920fc13ae1a78abad8c,2024-01-10 02:50:17
6613ea1efc13ae1a78abb451,6613e935fc13ae1aedaba372,6613e921fc13ae1a78abb011,2024-01-11 09:31:28
6613ea1efc13ae1a78abb452,6613e939fc13ae1aedaba678,6613e921fc13ae1a78abaf7a,2023-08-12 01:26:56
6613ea1efc13ae1a78abb453,6613e938fc13ae1aedaba58b,6613e921fc13ae1a78abb0f5,2023-06-13 05:47:04
6613ea1efc13ae1a78abb454,6613e938fc13ae1aedaba584,6613e920fc13ae1a78abae30,2023-04-23 10:46:05
6613ea1efc13ae1a78abb455,6613e93afc13ae1aedaba6c1,6613e921fc13ae1a78abafe9,2023-07-19 16:16:46
6613ea1efc13ae1a78abb456,6613e938fc13ae1aedaba53f,6613e920fc13ae1a78abadef,2023-12-04 04:40:05
6613ea1efc13ae1a78abb457,6613e935fc13ae1aedaba36c,6613e921fc13ae1a78abb051,2024-01-04 09:34:12
6613ea1efc13ae1a78abb458,6613e937fc13ae1aedaba51e,6613e921fc13ae1a78abaf22,2024-01-19 21:24:08
6613ea1efc13ae1a78abb459,6613e936fc13ae1aedaba402,6613e920fc13ae1a78abae50,2023-12-01 04:10:09
6613ea1efc13ae1a78abb45a,6613e936fc13ae1aedaba460,6613e921fc13ae1a78abb0d1,2023-08-06 19:54:49
6613ea1efc13ae1a78abb45b,6613e939fc13ae1aedaba5e7,6613e921fc13ae1a78abafc7,2023-12-01 07:03:36
6613ea1efc13ae1a78abb45c,6613e935fc13ae1aedaba3bd,6613e921fc13ae1a78abaf41,2023-04-19 04:24:38
6613ea1efc13ae1a78abb45d,6613e937fc13ae1aedaba51c,6613e921fc13ae1a78abaff3,2023-12-08 16:33:58
6613ea1efc13ae1a78abb45e,6613e939fc13ae1aedaba681,6613e921fc13ae1a78abb05c,2024-03-28 08:28:12
6613ea1efc13ae1a78abb45f,6613e937fc13ae1aedaba524,6613e921fc13ae1a78abaf3b,2023-10-08 11:08:19
6613ea1efc13ae1a78abb460,6613e939fc13ae1aedaba669,6613e921fc13ae1a78abb07b,2024-03-06 12:30:26
6613ea1efc13ae1a78abb461,6613e938fc13ae1aedaba5a1,6613e921fc13ae1a78abb0bc,2023-09-27 05:39:58
6613ea1efc13ae1a78abb462,6613e937fc13ae1aedaba4b6,6613e921fc13ae1a78abafb8,2023-05-12 21:53:58
6613ea1efc13ae1a78abb463,6613e938fc13ae1aedaba5a6,6613e921fc13ae1a78abaf6b,2023-07-03 18:53:29
6613ea1efc13ae1a78abb464,6613e938fc13ae1aedaba5a7,6613e920fc13ae1a78abad4e,2023-11-18 23:25:56
6613ea1efc13ae1a78abb465,6613e937fc13ae1aedaba4dd,6613e920fc13ae1a78abae05,2023-10-11 01:09:55
6613ea1efc13ae1a78abb466,6613e937fc13ae1aedaba4e7,6613e921fc13ae1a78abb08e,2023-12-08 11:12:12
6613ea1efc13ae1a78abb467,6613e93afc13ae1aedaba6aa,6613e920fc13ae1a78abae6b,2024-02-02 07:59:46
6613ea1efc13ae1a78abb468,6613e937fc13ae1aedaba525,6613e920fc13ae1a78abae50,2023-09-08 06:19:53
6613ea1efc13ae1a78abb469,6613e935fc13ae1aedaba399,6613e920fc13ae1a78abadb2,2023-07-25 20:42:42
6613ea1efc13ae1a78abb46a,6613e936fc13ae1aedaba3de,6613e921fc13ae1a78abaf1f,2024-01-07 22:20:33
6613ea1efc13ae1a78abb46b,6613e939fc13ae1aedaba60b,6613e920fc13ae1a78abade9,2023-06-09 18:14:55
6613ea1efc13ae1a78abb46c,6613e935fc13ae1aedaba372,6613e921fc13ae1a78abaf56,2023-09-17 09:15:34
6613ea1efc13ae1a78abb46d,6613e93afc13ae1aedaba6df,6613e921fc13ae1a78abaffa,2024-03-20 21:20:24
6613ea1efc13ae1a78abb46e,6613e936fc13ae1aedaba3f5,6613e921fc13ae1a78abaef3,2024-03-23 19:32:40
6613ea1efc13ae1a78abb46f,6613e935fc13ae1aedaba370,6613e921fc13ae1a78abb008,2023-05-09 21:25:15
6613ea1efc13ae1a78abb470,6613e938fc13ae1aedaba591,6613e921fc13ae1a78abb0cd,2023-07-30 00:43:37
6613ea1efc13ae1a78abb471,6613e938fc13ae1aedaba544,6613e920fc13ae1a78abae41,2024-01-15 18:17:17
6613ea1efc13ae1a78abb472,6613e936fc13ae1aedaba420,6613e921fc13ae1a78abaf05,2023-04-30 07:53:46
6613ea1efc13ae1a78abb473,6613e93afc13ae1aedaba6ce,6613e920fc13ae1a78abae96,2023-09-16 22:52:17
6613ea1efc13ae1a78abb474,6613e935fc13ae1aedaba368,6613e920fc13ae1a78abae50,2023-10-18 15:08:37
6613ea1efc13ae1a78abb475,6613e937fc13ae1aedaba4f2,6613e921fc13ae1a78abaf18,2023-05-22 16:48:23
6613ea1efc13ae1a78abb476,6613e938fc13ae1aedaba573,6613e921fc13ae1a78abaf94,2023-04-14 17:48:06
6613ea1efc13ae1a78abb477,6613e937fc13ae1aedaba48f,6613e921fc13ae1a78abb051,2023-11-25 11:45:29
6613ea1efc13ae1a78abb478,6613e936fc13ae1aedaba3fd,6613e921fc13ae1a78abaef7,2023-10-31 13:44:05
6613ea1efc13ae1a78abb479,6613e937fc13ae1aedaba487,6613e920fc13ae1a78abad51,2024-03-15 01:12:46
6613ea1efc13ae1a78abb47a,6613e939fc13ae1aedaba616,6613e921fc13ae1a78abafa8,2024-02-17 19:35:22
6613ea1efc13ae1a78abb47b,6613e938fc13ae1aedaba5cf,6613e921fc13ae1a78abb08c,2023-12-20 23:03:03
6613ea1efc13ae1a78abb47c,6613e93afc13ae1aedaba6e5,6613e921fc13ae1a78abb070,2023-05-27 15:00:05
6613ea1efc13ae1a78abb47d,6613e939fc13ae1aedaba632,6613e921fc13ae1a78abb0ad,2023-08-06 21:35:19
6613ea1efc13ae1a78abb47e,6613e937fc13ae1aedaba51f,6613e920fc13ae1a78abae53,2023-12-09 03:23:00
6613ea1efc13ae1a78abb47f,6613e935fc13ae1aedaba335,6613e921fc13ae1a78abaf3d,2023-08-13 21:41:07
6613ea1efc13ae1a78abb480,6613e936fc13ae1aedaba404,6613e921fc13ae1a78abaeff,2023-12-06 09:31:53
6613ea1efc13ae1a78abb481,6613e936fc13ae1aedaba466,6613e921fc13ae1a78abaf96,2024-02-04 23:29:23
6613ea1efc13ae1a78abb482,6613e937fc13ae1aedaba510,6613e921fc13ae1a78abaf05,2023-08-16 18:04:24
6613ea1efc13ae1a78abb483,6613e93afc13ae1aedaba6e9,6613e921fc13ae1a78abb073,2024-02-28 19:56:06
6613ea1efc13ae1a78abb484,6613e937fc13ae1aedaba4b6,6613e921fc13ae1a78abb102,2024-01-13 17:03:33
6613ea1efc13ae1a78abb485,6613e93afc13ae1aedaba6e0,6613e920fc13ae1a78abaebe,2023-12-31 10:44:39
6613ea1efc13ae1a78abb486,6613e938fc13ae1aedaba588,6613e921fc13ae1a78abaf85,2023-10-28 02:58:48
6613ea1efc13ae1a78abb487,6613e936fc13ae1aedaba3d6,6613e921fc13ae1a78abb043,2024-01-10 21:23:59
6613ea1efc13ae1a78abb488,6613e937fc13ae1aedaba528,6613e920fc13ae1a78abae40,2023-08-01 01:29:09
6613ea1efc13ae1a78abb489,6613e938fc13ae1aedaba550,6613e920fc13ae1a78abae58,2023-11-03 07:45:54
6613ea1efc13ae1a78abb48a,6613e937fc13ae1aedaba537,6613e921fc13ae1a78abafc5,2023-08-24 22:10:39
6613ea1efc13ae1a78abb48b,6613e936fc13ae1aedaba3cf,6613e920fc13ae1a78abae05,2023-08-23 21:17:42
6613ea1efc13ae1a78abb48c,6613e939fc13ae1aedaba683,6613e920fc13ae1a78abadf1,2024-04-07 16:25:48
6613ea1efc13ae1a78abb48d,6613e93afc13ae1aedaba6cb,6613e920fc13ae1a78abad51,2023-04-12 05:46:05
6613ea1efc13ae1a78abb48e,6613e936fc13ae1aedaba459,6613e921fc13ae1a78abaf4d,2023-04-14 01:58:40
6613ea1efc13ae1a78abb48f,6613e936fc13ae1aedaba458,6613e920fc13ae1a78abad5b,2023-05-02 04:43:02
6613ea1efc13ae1a78abb490,6613e939fc13ae1aedaba63f,6613e920fc13ae1a78abaebd,2023-11-21 02:01:44
6613ea1efc13ae1a78abb491,6613e936fc13ae1aedaba3e5,6613e920fc13ae1a78abadfe,2023-09-20 12:47:15
6613ea1efc13ae1a78abb492,6613e939fc13ae1aedaba66c,6613e920fc13ae1a78abad56,2023-10-28 13:11:06
6613ea1efc13ae1a78abb493,6613e939fc13ae1aedaba642,6613e920fc13ae1a78abad70,2023-05-03 03:06:46
6613ea1efc13ae1a78abb494,6613e939fc13ae1aedaba607,6613e921fc13ae1a78abafae,2023-08-10 20:42:46
6613ea1efc13ae1a78abb495,6613e939fc13ae1aedaba692,6613e921fc13ae1a78abaff4,2023-04-14 01:17:44
6613ea1efc13ae1a78abb496,6613e937fc13ae1aedaba4fe,6613e921fc13ae1a78abb0e3,2023-08-04 23:30:35
6613ea1efc13ae1a78abb497,6613e937fc13ae1aedaba4bf,6613e921fc13ae1a78abb042,2023-09-28 23:39:23
6613ea1efc13ae1a78abb498,6613e935fc13ae1aedaba348,6613e921fc13ae1a78abaf6f,2024-02-16 07:55:52
6613ea1efc13ae1a78abb499,6613e93afc13ae1aedaba6cd,6613e921fc13ae1a78abaf19,2024-03-28 05:14:58
6613ea1efc13ae1a78abb49a,6613e939fc13ae1aedaba5eb,6613e921fc13ae1a78abb106,2023-06-10 22:45:42
6613ea1efc13ae1a78abb49b,6613e937fc13ae1aedaba4b3,6613e920fc13ae1a78abae1d,2024-01-23 02:02:30
6613ea1efc13ae1a78abb49c,6613e939fc13ae1aedaba673,6613e921fc13ae1a78abb0ee,2023-10-08 04:28:25
6613ea1efc13ae1a78abb49d,6613e937fc13ae1aedaba4a1,6613e921fc13ae1a78abaf1e,2023-08-11 09:19:48
6613ea1efc13ae1a78abb49e,6613e938fc13ae1aedaba5dd,6613e921fc13ae1a78abaf53,2023-12-22 19:09:42
6613ea1efc13ae1a78abb49f,6613e936fc13ae1aedaba44c,6613e920fc13ae1a78abae71,2023-12-27 03:58:27
6613ea1efc13ae1a78abb4a0,6613e937fc13ae1aedaba4b4,6613e921fc13ae1a78abb095,2024-02-16 17:47:48
6613ea1efc13ae1a78abb4a1,6613e937fc13ae1aedaba497,6613e921fc13ae1a78abb0f8,2023-09-22 20:34:23
6613ea1efc13ae1a78abb4a2,6613e937fc13ae1aedaba4d5,6613e920fc13ae1a78abaeb4,2023-10-26 15:15:19
6613ea1efc13ae1a78abb4a3,6613e936fc13ae1aedaba467,6613e921fc13ae1a78abb07f,2023-08-20 11:55:25
6613ea1efc13ae1a78abb4a4,6613e937fc13ae1aedaba497,6613e920fc13ae1a78abae86,2023-11-02 12:05:19
6613ea1efc13ae1a78abb4a5,6613e936fc13ae1aedaba452,6613e921fc13ae1a78abb054,2023-07-23 13:56:55
6613ea1efc13ae1a78abb4a6,6613e935fc13ae1aedaba38c,6613e920fc13ae1a78abadcf,2023-08-25 11:27:47
6613ea1efc13ae1a78abb4a7,6613e938fc13ae1aedaba5b5,6613e920fc13ae1a78abaea5,2023-09-09 14:54:24
6613ea1efc13ae1a78abb4a8,6613e939fc13ae1aedaba63c,6613e921fc13ae1a78abafcc,2023-09-02 23:16:29
6613ea1efc13ae1a78abb4a9,6613e939fc13ae1aedaba659,6613e920fc13ae1a78abad50,2023-08-06 14:02:02
6613ea1efc13ae1a78abb4aa,6613e939fc13ae1aedaba623,6613e921fc13ae1a78abb0ed,2023-10-18 14:15:34
6613ea1efc13ae1a78abb4ab,6613e938fc13ae1aedaba54f,6613e920fc13ae1a78abae80,2023-06-25 07:11:17
6613ea1efc13ae1a78abb4ac,6613e939fc13ae1aedaba610,6613e920fc13ae1a78abadee,2023-05-11 23:35:17
6613ea1efc13ae1a78abb4ad,6613e939fc13ae1aedaba630,6613e920fc13ae1a78abae93,2023-08-17 22:23:22
6613ea1efc13ae1a78abb4ae,6613e93afc13ae1aedaba6ab,6613e921fc13ae1a78abaf55,2023-09-02 13:26:19
6613ea1efc13ae1a78abb4af,6613e939fc13ae1aedaba67c,6613e921fc13ae1a78abaf98,2023-06-21 06:19:55
6613ea1efc13ae1a78abb4b0,6613e938fc13ae1aedaba5c5,6613e921fc13ae1a78abb0d1,2024-01-24 13:51:43
6613ea1efc13ae1a78abb4b1,6613e939fc13ae1aedaba5fa,6613e920fc13ae1a78abaeac,2024-01-22 22:20:40
6613ea1efc13ae1a78abb4b2,6613e936fc13ae1aedaba43e,6613e921fc13ae1a78abaf23,2023-08-21 14:51:09
6613ea1efc13ae1a78abb4b3,6613e939fc13ae1aedaba66f,6613e921fc13ae1a78abaef2,2023-12-16 07:47:42
6613ea1efc13ae1a78abb4b4,6613e939fc13ae1aedaba614,6613e920fc13ae1a78abae6a,2024-03-02 10:09:32
6613ea1efc13ae1a78abb4b5,6613e935fc13ae1aedaba348,6613e921fc13ae1a78abaef4,2023-07-18 17:17:57
6613ea1efc13ae1a78abb4b6,6613e937fc13ae1aedaba4ea,6613e921fc13ae1a78abb108,2023-09-22 08:03:19
6613ea1efc13ae1a78abb4b7,6613e937fc13ae1aedaba528,6613e920fc13ae1a78abae68,2023-09-13 00:04:04
6613ea1efc13ae1a78abb4b8,6613e937fc13ae1aedaba503,6613e920fc13ae1a78abad70,2024-04-07 15:10:58
6613ea1efc13ae1a78abb4b9,6613e937fc13ae1aedaba48b,6613e921fc13ae1a78abb034,2023-05-05 05:48:29
6613ea1efc13ae1a78abb4ba,6613e938fc13ae1aedaba55c,6613e921fc13ae1a78abb078,2023-09-01 23:36:39
6613ea1efc13ae1a78abb4bb,6613e939fc13ae1aedaba63d,6613e920fc13ae1a78abade7,2023-10-08 06:33:17
6613ea1efc13ae1a78abb4bc,6613e939fc13ae1aedaba5e1,6613e921fc13ae1a78abb07c,2024-02-19 15:36:54
6613ea1efc13ae1a78abb4bd,6613e936fc13ae1aedaba3fa,6613e920fc13ae1a78abae77,2023-12-19 21:00:13
6613ea1efc13ae1a78abb4be,6613e939fc13ae1aedaba642,6613e921fc13ae1a78abb108,2023-05-16 18:19:18
6613ea1efc13ae1a78abb4bf,6613e936fc13ae1aedaba3fd,6613e921fc13ae1a78abaffa,2023-10-21 11:22:00
6613ea1efc13ae1a78abb4c0,6613e936fc13ae1aedaba45e,6613e921fc13ae1a78abafe0,2023-07-10 06:24:52
6613ea1efc13ae1a78abb4c1,6613e938fc13ae1aedaba56e,6613e921fc13ae1a78abb049,2024-03-09 15:53:11
6613ea1efc13ae1a78abb4c2,6613e935fc13ae1aedaba368,6613e921fc13ae1a78abafe3,2023-06-28 15:11:11
6613ea1efc13ae1a78abb4c3,6613e935fc13ae1aedaba3c0,6613e921fc13ae1a78abb020,2024-04-07 17:28:04
6613ea1efc13ae1a78abb4c4,6613e937fc13ae1aedaba4b1,6613e920fc13ae1a78abae08,2023-08-01 02:40:07
6613ea1efc13ae1a78abb4c5,6613e939fc13ae1aedaba65a,6613e921fc13ae1a78abb09e,2023-12-20 04:51:24
6613ea1efc13ae1a78abb4c6,6613e935fc13ae1aedaba39e,6613e920fc13ae1a78abaebe,2023-11-02 15:27:48
6613ea1efc13ae1a78abb4c7,6613e939fc13ae1aedaba63a,6613e920fc13ae1a78abaec5,2023-11-24 20:31:27
6613ea1efc13ae1a78abb4c8,6613e939fc13ae1aedaba615,6613e921fc13ae1a78abb08d,2023-11-05 23:15:20
6613ea1efc13ae1a78abb4c9,6613e937fc13ae1aedaba4bd,6613e921fc13ae1a78abb11f,2023-07-22 18:25:03
6613ea1efc13ae1a78abb4ca,6613e936fc13ae1aedaba43f,6613e920fc13ae1a78abae88,2023-07-15 22:57:23
6613ea1efc13ae1a78abb4cb,6613e937fc13ae1aedaba4e8,6613e921fc13ae1a78abb04f,2024-03-23 04:47:00
6613ea1efc13ae1a78abb4cc,6613e939fc13ae1aedaba646,6613e921fc13ae1a78abb10d,2023-12-30 01:59:08
6613ea1efc13ae1a78abb4cd,6613e939fc13ae1aedaba5fd,6613e920fc13ae1a78abada8,2023-09-22 12:26:35
6613ea1efc13ae1a78abb4ce,6613e939fc13ae1aedaba685,6613e921fc13ae1a78abaf50,2023-08-19 13:41:52
6613ea1efc13ae1a78abb4cf,6613e936fc13ae1aedaba476,6613e921fc13ae1a78abb0c6,2024-01-22 10:49:55
6613ea1efc13ae1a78abb4d0,6613e93afc13ae1aedaba705,6613e921fc13ae1a78abaf77,2023-09-09 04:09:31
6613ea1efc13ae1a78abb4d1,6613e93afc13ae1aedaba6d3,6613e920fc13ae1a78abadc9,2023-08-18 02:47:58
6613ea1efc13ae1a78abb4d2,6613e935fc13ae1aedaba340,6613e920fc13ae1a78abaebf,2023-04-15 06:31:45
6613ea1efc13ae1a78abb4d3,6613e939fc13ae1aedaba5fb,6613e921fc13ae1a78abb061,2023-05-26 22:11:54
6613ea1efc13ae1a78abb4d4,6613e938fc13ae1aedaba545,6613e920fc13ae1a78abadbe,2023-12-22 01:46:31
6613ea1efc13ae1a78abb4d5,6613e938fc13ae1aedaba5d6,6613e920fc13ae1a78abae76,2023-10-27 04:38:43
6613ea1efc13ae1a78abb4d6,6613e936fc13ae1aedaba3d9,6613e920fc13ae1a78abad82,2024-02-17 11:58:28
6613ea1efc13ae1a78abb4d7,6613e936fc13ae1aedaba3dc,6613e921fc13ae1a78abaf68,2023-07-14 05:56:05
6613ea1efc13ae1a78abb4d8,6613e937fc13ae1aedaba4f6,6613e921fc13ae1a78abaef0,2023-10-17 23:00:52
6613ea1efc13ae1a78abb4d9,6613e937fc13ae1aedaba4c1,6613e921fc13ae1a78abaf08,2023-08-29 14:21:29
6613ea1efc13ae1a78abb4da,6613e935fc13ae1aedaba3c2,6613e921fc13ae1a78abb061,2023-08-25 23:23:32
6613ea1efc13ae1a78abb4db,6613e936fc13ae1aedaba3ff,6613e920fc13ae1a78abadc6,2024-02-23 02:17:18
6613ea1efc13ae1a78abb4dc,6613e935fc13ae1aedaba39d,6613e921fc13ae1a78abb0fd,2023-05-06 05:42:00
6613ea1efc13ae1a78abb4dd,6613e938fc13ae1aedaba5a8,6613e921fc13ae1a78abafaf,2023-10-13 22:29:20
6613ea1efc13ae1a78abb4de,6613e936fc13ae1aedaba480,6613e920fc13ae1a78abae2e,2024-01-25 11:16:23
6613ea1efc13ae1a78abb4df,6613e935fc13ae1aedaba33a,6613e921fc13ae1a78abaf1c,2023-06-29 05:19:12
6613ea1efc13ae1a78abb4e0,6613e939fc13ae1aedaba659,6613e921fc13ae1a78abafb9,2023-06-09 21:13:57
6613ea1efc13ae1a78abb4e1,6613e937fc13ae1aedaba52c,6613e921fc13ae1a78abaf67,2023-10-02 01:16:28
6613ea1efc13ae1a78abb4e2,6613e935fc13ae1aedaba3b0,6613e921fc13ae1a78abb114,2023-05-07 07:19:18
6613ea1efc13ae1a78abb4e3,6613e935fc13ae1aedaba3b9,6613e920fc13ae1a78abae00,2023-07-13 00:36:02
6613ea1efc13ae1a78abb4e4,6613e936fc13ae1aedaba470,6613e921fc13ae1a78abafec,2023-06-03 18:22:58
6613ea1efc13ae1a78abb4e5,6613e938fc13ae1aedaba563,6613e921fc13ae1a78abb089,2023-07-02 08:41:52
6613ea1efc13ae1a78abb4e6,6613e939fc13ae1aedaba5df,6613e921fc13ae1a78abb0cd,2023-04-30 04:52:51
6613ea1efc13ae1a78abb4e7,6613e93afc13ae1aedaba6d8,6613e921fc13ae1a78abb064,2023-07-03 08:36:37
6613ea1efc13ae1a78abb4e8,6613e93afc13ae1aedaba702,6613e921fc13ae1a78abb008,2023-09-12 19:24:31
6613ea1efc13ae1a78abb4e9,6613e935fc13ae1aedaba3b9,6613e920fc13ae1a78abae8e,2023-07-06 14:03:55
6613ea1efc13ae1a78abb4ea,6613e93afc13ae1aedaba704,6613e920fc13ae1a78abad9e,2024-01-02 09:43:05
6613ea1efc13ae1a78abb4eb,6613e937fc13ae1aedaba49d,6613e920fc13ae1a78abaeb9,2023-07-03 03:48:43
6613ea1efc13ae1a78abb4ec,6613e936fc13ae1aedaba42a,6613e921fc13ae1a78abb005,2023-07-02 01:09:08
6613ea1efc13ae1a78abb4ed,6613e937fc13ae1aedaba493,6613e921fc13ae1a78abb0dc,2023-04-24 23:50:55
6613ea1efc13ae1a78abb4ee,6613e936fc13ae1aedaba469,6613e921fc13ae1a78abb042,2023-12-15 04:58:07
6613ea1efc13ae1a78abb4ef,6613e935fc13ae1aedaba378,6613e920fc13ae1a78abad61,2023-08-06 13:28:05
6613ea1efc13ae1a78abb4f0,6613e938fc13ae1aedaba5c9,6613e920fc13ae1a78abae9c,2023-12-06 00:53:14
6613ea1efc13ae1a78abb4f1,6613e939fc13ae1aedaba677,6613e920fc13ae1a78abaea4,2023-10-25 21:30:07
6613ea1efc13ae1a78abb4f2,6613e937fc13ae1aedaba49d,6613e920fc13ae1a78abad72,2024-04-03 13:15:17
6613ea1efc13ae1a78abb4f3,6613e938fc13ae1aedaba5af,6613e921fc13ae1a78abb05b,2024-01-28 02:23:35
6613ea1efc13ae1a78abb4f4,6613e938fc13ae1aedaba595,6613e920fc13ae1a78abadf2,2023-10-19 03:05:20
6613ea1efc13ae1a78abb4f5,6613e937fc13ae1aedaba516,6613e921fc13ae1a78abaf3e,2023-05-24 06:09:23
6613ea1efc13ae1a78abb4f6,6613e936fc13ae1aedaba3f1,6613e921fc13ae1a78abb005,2023-11-04 10:27:42
6613ea1efc13ae1a78abb4f7,6613e93afc13ae1aedaba6bf,6613e921fc13ae1a78abb08d,2024-01-12 02:42:22
6613ea1efc13ae1a78abb4f8,6613e93afc13ae1aedaba6c2,6613e920fc13ae1a78abaeb9,2023-04-09 06:04:46
6613ea1efc13ae1a78abb4f9,6613e937fc13ae1aedaba485,6613e921fc13ae1a78abafdc,2023-12-02 06:57:00
6613ea1efc13ae1a78abb4fa,6613e93afc13ae1aedaba6e1,6613e921fc13ae1a78abb0e0,2023-05-17 15:03:10
6613ea1efc13ae1a78abb4fb,6613e939fc13ae1aedaba665,6613e921fc13ae1a78abb013,2023-10-31 20:26:33
6613ea1efc13ae1a78abb4fc,6613e936fc13ae1aedaba41c,6613e920fc13ae1a78abad57,2023-05-18 22:11:57
6613ea1efc13ae1a78abb4fd,6613e936fc13ae1aedaba47d,6613e921fc13ae1a78abaffb,2023-10-15 04:57:44
6613ea1efc13ae1a78abb4fe,6613e939fc13ae1aedaba674,6613e921fc13ae1a78abb04e,2023-12-02 01:27:55
6613ea1efc13ae1a78abb4ff,6613e938fc13ae1aedaba57a,6613e921fc13ae1a78abafbb,2023-05-05 18:32:09
6613ea1efc13ae1a78abb500,6613e937fc13ae1aedaba536,6613e921fc13ae1a78abafce,2024-02-06 16:18:05
6613ea1efc13ae1a78abb501,6613e937fc13ae1aedaba4ad,6613e921fc13ae1a78abb0bd,2023-05-22 00:28:52
6613ea1efc13ae1a78abb502,6613e939fc13ae1aedaba623,6613e921fc13ae1a78abaedf,2023-06-06 17:16:23
6613ea1efc13ae1a78abb503,6613e938fc13ae1aedaba584,6613e920fc13ae1a78abad7c,2024-02-02 15:32:52
6613ea1efc13ae1a78abb504,6613e938fc13ae1aedaba5ce,6613e920fc13ae1a78abad68,2023-07-27 01:37:34
6613ea1efc13ae1a78abb505,6613e937fc13ae1aedaba4a0,6613e921fc13ae1a78abb039,2023-09-27 16:15:07
6613ea1efc13ae1a78abb506,6613e93afc13ae1aedaba6e7,6613e921fc13ae1a78abb01d,2023-07-12 21:23:55
6613ea1efc13ae1a78abb507,6613e936fc13ae1aedaba454,6613e920fc13ae1a78abadec,2024-01-13 15:45:24
6613ea1efc13ae1a78abb508,6613e937fc13ae1aedaba4b8,6613e920fc13ae1a78abae18,2023-06-27 07:02:28
6613ea1efc13ae1a78abb509,6613e939fc13ae1aedaba638,6613e921fc13ae1a78abb027,2023-08-28 16:48:32
6613ea1efc13ae1a78abb50a,6613e93afc13ae1aedaba6b1,6613e920fc13ae1a78abadeb,2024-02-13 08:35:48
